SampleID,Location,Latitude,Longitude,pH,As,Pb,Cd,Cr,Hg,Fe,Mn,Zn,Cu
S1,Mumbai,19.0909,72.8736,7.16,0.025,0.024,0.005,0.052,0.003,0.26,0.12,0.12,0.05
S2,Pune,18.5277,73.7993,6.57,0.013,0.019,0.006,0.027,0.001,0.42,0.09,0.14,0.03
S3,Aurangabad,19.8599,75.3466,6.71,0.018,0.022,0.004,0.03,0.003,0.3,0.07,0.17,0.04
S4,Nagpur,21.1521,79.0294,6.67,0.017,0.031,0.005,0.035,0.002,0.18,0.08,0.12,0.08
S5,Nagpur,21.1561,79.0353,7.08,0.014,0.021,0.006,0.046,0.003,0.23,0.09,0.15,0.08
S6,Nashik,19.9831,73.7842,6.72,0.009,0.032,0.008,0.035,0.003,0.33,0.08,0.15,0.09
S7,Mumbai,19.0749,72.9246,6.5,0.021,0.027,0.004,0.037,0.0,0.28,0.11,0.2,0.05
S8,Sangli,16.8281,74.5664,7.23,0.018,0.022,0.006,0.037,0.003,0.24,0.09,0.12,0.03
S9,Mumbai,19.0849,72.8855,7.0,0.015,0.016,0.004,0.033,0.001,0.29,0.11,0.22,0.06
S10,Ahmednagar,19.1029,74.7474,6.52,0.016,0.026,0.01,0.034,0.002,0.3,0.06,0.19,0.08
S11,Solapur,17.6836,75.8791,7.35,0.008,0.03,0.009,0.026,0.002,0.31,0.08,0.08,0.06
S12,Pune,18.4885,73.8709,6.77,0.025,0.021,0.004,0.044,0.001,0.32,0.14,0.08,0.06
S13,Pune,18.5282,73.8802,6.69,0.008,0.03,0.006,0.039,0.002,0.25,0.11,0.15,0.05
S14,Mumbai,19.132,72.8919,6.7,0.02,0.019,0.007,0.048,0.001,0.38,0.11,0.17,0.1
S15,Nagpur,21.1384,79.0656,6.78,0.011,0.025,0.006,0.039,0.003,0.3,0.14,0.13,0.11
S16,Nagpur,21.1646,79.0625,6.73,0.019,0.024,0.006,0.041,0.002,0.23,0.05,0.12,0.08
S17,Sangli,16.8588,74.5441,7.04,0.018,0.02,0.005,0.037,0.001,0.33,0.12,0.18,0.08
S18,Ahmednagar,19.0539,74.7215,7.13,0.019,0.03,0.013,0.042,0.003,0.38,0.12,0.13,0.08
S19,Pune,18.4972,73.8496,6.88,0.016,0.042,0.001,0.043,0.001,0.26,0.13,0.14,0.04
S20,Sangli,16.8309,74.6019,6.82,0.017,0.026,0.004,0.057,0.003,0.14,0.11,0.11,0.08
S21,Nagpur,21.122,79.0848,7.13,0.021,0.018,0.004,0.031,0.001,0.44,0.11,0.09,0.08
S22,Sangli,16.9161,74.6125,6.62,0.013,0.035,0.004,0.04,0.003,0.23,0.1,0.03,0.04
S23,Solapur,17.6523,75.869,7.41,0.007,0.023,0.005,0.05,0.001,0.39,0.1,0.1,0.07
S24,Nagpur,21.1518,79.0702,7.02,0.014,0.027,0.006,0.052,0.001,0.47,0.04,0.13,0.07
S25,Satara,17.6889,73.9996,6.95,0.013,0.022,0.007,0.04,0.001,0.37,0.11,0.17,0.07
S26,Ahmednagar,19.0703,74.7328,7.19,0.02,0.026,0.005,0.049,0.002,0.34,0.09,0.13,0.08
S27,Aurangabad,19.901,75.3677,7.33,0.016,0.031,0.004,0.039,0.002,0.31,0.12,0.11,0.1
S28,Pune,18.4902,73.8203,7.29,0.021,0.03,0.006,0.036,0.001,0.31,0.08,0.18,0.06
S29,Nashik,19.9727,73.7802,7.1,0.013,0.02,0.005,0.038,0.002,0.26,0.11,0.08,0.03
S30,Solapur,17.6383,75.9,7.08,0.025,0.032,0.005,0.036,0.001,0.3,0.09,0.15,0.04
S31,Kolhapur,16.7206,74.2893,6.97,0.018,0.031,0.004,0.038,0.002,0.31,0.08,0.14,0.07
S32,Aurangabad,19.9197,75.3721,7.54,0.011,0.032,0.005,0.058,0.001,0.23,0.08,0.06,0.05
S33,Nashik,19.9747,73.7943,7.09,0.027,0.033,0.004,0.027,0.002,0.19,0.15,0.19,0.05
S34,Nagpur,21.0944,79.1288,6.97,0.023,0.015,0.004,0.036,0.002,0.26,0.12,0.1,0.06
S35,Kolhapur,16.7086,74.2587,7.18,0.009,0.015,0.008,0.039,0.001,0.42,0.1,0.19,0.06
S36,Mumbai,19.1378,72.9304,6.94,0.022,0.031,0.008,0.026,0.003,0.38,0.05,0.09,0.02
S37,Mumbai,19.0679,72.8992,7.38,0.016,0.037,0.002,0.019,0.002,0.33,0.1,0.06,0.06
S38,Solapur,17.6208,75.9265,7.09,0.01,0.022,0.003,0.035,0.003,0.22,0.12,0.12,0.04
S39,Mumbai,19.0728,72.8466,6.86,0.009,0.04,0.005,0.029,0.002,0.29,0.09,0.16,0.08
S40,Kolhapur,16.6891,74.226,6.93,0.002,0.015,0.008,0.052,0.002,0.35,0.11,0.26,0.08
S41,Kolhapur,16.7012,74.2146,6.6,0.017,0.021,0.002,0.03,0.001,0.43,0.13,0.14,0.09
S42,Ahmednagar,19.0975,74.7238,7.38,0.019,0.019,0.005,0.027,0.001,0.37,0.16,0.08,0.07
S43,Aurangabad,19.8567,75.3287,6.85,0.011,0.026,0.003,0.039,0.002,0.28,0.07,0.12,0.08
S44,Pune,18.5354,73.8274,7.02,0.021,0.014,0.006,0.029,0.002,0.24,0.05,0.07,0.06
S45,Satara,17.6883,73.9912,7.16,0.006,0.026,0.003,0.029,0.002,0.23,0.09,0.18,0.05
S46,Sangli,16.8775,74.5476,7.13,0.025,0.009,0.003,0.042,0.002,0.33,0.08,0.14,0.06
S47,Mumbai,19.111,72.8853,7.08,0.014,0.023,0.004,0.04,0.002,0.32,0.16,0.17,0.05
S48,Solapur,17.6959,75.8942,6.5,0.01,0.013,0.004,0.036,0.003,0.33,0.09,0.17,0.02
S49,Mumbai,19.0831,72.9008,6.63,0.023,0.028,0.004,0.042,0.004,0.31,0.11,0.12,0.04
S50,Sangli,16.8773,74.5558,7.02,0.013,0.029,0.006,0.046,0.002,0.28,0.07,0.12,0.07
S51,Aurangabad,19.8989,75.3156,7.22,0.024,0.029,0.009,0.028,0.001,0.16,0.14,0.17,0.06
S52,Ahmednagar,19.1036,74.7158,7.61,0.017,0.027,0.006,0.041,0.002,0.24,0.11,0.22,0.09
S53,Kolhapur,16.7528,74.228,6.75,0.015,0.026,0.007,0.019,0.003,0.29,0.09,0.1,0.03
S54,Ahmednagar,19.1199,74.7518,6.68,0.008,0.024,0.008,0.033,0.001,0.28,0.09,0.03,0.06
S55,Nagpur,21.1389,79.1091,7.46,0.023,0.024,0.003,0.062,0.002,0.3,0.1,0.15,0.06
S56,Mumbai,19.0588,72.8613,6.99,0.013,0.021,0.005,0.033,0.003,0.09,0.13,0.19,0.02
S57,Pune,18.5101,73.8456,6.65,0.011,0.018,0.009,0.045,0.003,0.36,0.07,0.12,0.07
S58,Nagpur,21.1091,79.1096,6.94,0.014,0.031,0.006,0.032,0.003,0.21,0.12,0.16,0.05
S59,Aurangabad,19.886,75.3058,7.23,0.015,0.022,0.007,0.029,0.001,0.18,0.12,0.09,0.1
S60,Mumbai,19.0135,72.9286,7.05,0.015,0.022,0.006,0.036,0.003,0.31,0.1,0.13,0.06
S61,Nagpur,21.155,79.0369,6.66,0.02,0.027,0.005,0.036,0.002,0.26,0.08,0.15,0.04
S62,Mumbai,19.0882,72.8266,7.26,0.019,0.028,0.007,0.053,0.003,0.15,0.06,0.12,0.06
S63,Solapur,17.6754,75.8846,7.05,0.011,0.022,0.002,0.027,0.001,0.22,0.13,0.1,0.11
S64,Aurangabad,19.891,75.3488,6.79,0.02,0.022,0.005,0.062,0.002,0.39,0.08,0.14,0.1
S65,Satara,17.6617,74.0727,7.18,0.013,0.03,0.007,0.042,0.001,0.24,0.09,0.14,0.07
S66,Kolhapur,16.7103,74.2032,7.1,0.02,0.03,0.007,0.044,0.002,0.29,0.05,0.16,0.06
S67,Nashik,20.0056,73.7515,6.73,0.022,0.026,0.006,0.036,0.002,0.38,0.08,0.14,0.05
S68,Kolhapur,16.692,74.234,7.06,0.013,0.035,0.003,0.034,0.002,0.42,0.11,0.18,0.03
S69,Kolhapur,16.713,74.27,7.02,0.022,0.022,0.008,0.059,0.002,0.26,0.14,0.2,0.05
S70,Nagpur,21.1332,79.0797,6.66,0.01,0.019,0.003,0.036,0.002,0.42,0.07,0.18,0.06
S71,Aurangabad,19.8747,75.3635,6.72,0.018,0.027,0.006,0.039,0.004,0.25,0.08,0.12,0.05
S72,Mumbai,19.0569,72.9134,7.36,0.013,0.02,0.006,0.03,0.003,0.32,0.05,0.2,0.1
S73,Ahmednagar,19.0768,74.738,7.07,0.018,0.031,0.009,0.034,0.001,0.19,0.08,0.14,0.1
S74,Nashik,19.982,73.7965,7.0,0.023,0.044,0.004,0.031,0.003,0.35,0.16,0.16,0.05
S75,Sangli,16.8701,74.6148,7.21,0.019,0.033,0.007,0.05,0.003,0.29,0.1,0.19,0.04
S76,Nagpur,21.1569,79.0764,7.01,0.024,0.027,0.005,0.022,0.003,0.35,0.16,0.13,0.06
S77,Nashik,20.005,73.8371,6.98,0.018,0.03,0.005,0.032,0.002,0.39,0.07,0.15,0.05
S78,Satara,17.7164,73.9726,6.86,0.018,0.037,0.005,0.03,0.004,0.18,0.03,0.16,0.05
S79,Solapur,17.6293,75.9277,7.06,0.013,0.017,0.007,0.043,0.002,0.45,0.07,0.08,0.05
S80,Aurangabad,19.8748,75.3506,6.94,0.018,0.017,0.008,0.035,0.003,0.33,0.11,0.16,0.07
S81,Sangli,16.8717,74.6214,7.05,0.02,0.025,0.008,0.029,0.003,0.3,0.06,0.15,0.05
S82,Nagpur,21.171,79.0686,6.89,0.005,0.023,0.001,0.02,0.003,0.36,0.11,0.1,0.06
S83,Kolhapur,16.7049,74.2085,7.38,0.021,0.024,0.005,0.038,0.0,0.28,0.08,0.1,0.05
S84,Pune,18.5743,73.8759,6.86,0.019,0.036,0.007,0.037,0.001,0.36,0.11,0.18,0.07
S85,Nagpur,21.1773,79.0721,7.33,0.017,0.041,0.004,0.053,0.002,0.25,0.09,0.13,0.07
S86,Pune,18.5361,73.8395,6.99,0.029,0.038,0.006,0.036,0.002,0.35,0.07,0.13,0.03
S87,Kolhapur,16.717,74.2627,6.88,0.025,0.017,0.002,0.038,0.003,0.43,0.09,0.18,0.06
S88,Solapur,17.6547,75.9329,7.16,0.007,0.036,0.008,0.03,0.002,0.34,0.11,0.12,0.05
S89,Aurangabad,19.8754,75.3785,7.14,0.014,0.031,0.001,0.047,0.001,0.27,0.07,0.09,0.08
S90,Mumbai,19.062,72.8881,6.99,0.019,0.027,0.002,0.046,0.002,0.18,0.09,0.2,0.08
S91,Nagpur,21.1353,79.0777,6.92,0.028,0.029,0.006,0.046,0.002,0.28,0.09,0.14,0.06
S92,Ahmednagar,19.117,74.7512,7.18,0.016,0.027,0.001,0.045,0.002,0.38,0.01,0.22,0.06
S93,Kolhapur,16.7382,74.2121,7.15,0.01,0.022,0.009,0.034,0.002,0.37,0.11,0.15,0.07
S94,Nagpur,21.2179,79.0865,7.05,0.022,0.034,0.007,0.042,0.001,0.43,0.07,0.15,0.04
S95,Satara,17.6786,74.0282,7.08,0.019,0.037,0.006,0.034,0.003,0.4,0.06,0.16,0.07
S96,Solapur,17.651,75.9477,6.96,0.017,0.025,0.005,0.025,0.001,0.43,0.07,0.1,0.02
S97,Satara,17.6613,73.9786,7.41,0.022,0.021,0.01,0.046,0.002,0.1,0.17,0.08,0.03
S98,Nashik,20.0282,73.863,7.35,0.019,0.03,0.007,0.044,0.002,0.31,0.1,0.11,0.05
S99,Aurangabad,19.8254,75.3403,6.75,0.009,0.027,0.008,0.045,0.001,0.22,0.13,0.1,0.06
S100,Nashik,20.014,73.7607,7.03,0.008,0.022,0.006,0.02,0.002,0.3,0.12,0.15,0.09
S101,Nagpur,21.1496,79.0753,7.03,0.019,0.026,0.005,0.029,0.001,0.19,0.15,0.09,0.05
S102,Sangli,16.8308,74.6083,6.93,0.023,0.021,0.006,0.028,0.004,0.2,0.11,0.17,0.07
S103,Sangli,16.8468,74.5776,7.01,0.015,0.033,0.009,0.03,0.001,0.29,0.18,0.11,0.09
S104,Aurangabad,19.9265,75.3267,7.14,0.026,0.023,0.005,0.03,0.001,0.25,0.06,0.14,0.04
S105,Ahmednagar,19.1022,74.7029,7.08,0.021,0.012,0.006,0.048,0.001,0.43,0.11,0.11,0.06
S106,Solapur,17.6766,75.9087,7.13,0.01,0.027,0.002,0.035,0.001,0.24,0.14,0.18,0.07
S107,Ahmednagar,19.0624,74.7401,7.3,0.017,0.042,0.006,0.038,0.002,0.31,0.1,0.17,0.08
S108,Solapur,17.6363,75.8665,6.54,0.019,0.018,0.001,0.04,0.004,0.3,0.13,0.14,0.06
S109,Kolhapur,16.7326,74.2346,7.07,0.018,0.021,0.007,0.034,0.001,0.34,0.07,0.14,0.06
S110,Nagpur,21.1784,79.1024,6.99,0.021,0.036,0.006,0.036,0.001,0.21,0.09,0.12,0.06
S111,Nashik,19.9992,73.8057,6.98,0.019,0.026,0.001,0.027,0.002,0.2,0.12,0.2,0.08
S112,Sangli,16.846,74.6262,7.04,0.014,0.022,0.004,0.032,0.002,0.31,0.1,0.16,0.08
S113,Satara,17.709,73.9738,6.5,0.022,0.016,0.005,0.024,0.001,0.34,0.12,0.12,0.01
S114,Mumbai,19.0596,72.8895,6.63,0.017,0.026,0.006,0.037,0.001,0.4,0.1,0.14,0.04
S115,Pune,18.5071,73.8302,6.96,0.026,0.016,0.002,0.051,0.002,0.25,0.13,0.12,0.1
S116,Mumbai,19.0963,72.8631,7.54,0.012,0.031,0.006,0.049,0.003,0.3,0.08,0.16,0.05
S117,Nashik,20.0579,73.7939,6.91,0.017,0.017,0.003,0.048,0.001,0.22,0.12,0.19,0.07
S118,Nashik,20.0274,73.7671,6.64,0.025,0.024,0.004,0.049,0.002,0.34,0.16,0.11,0.08
S119,Solapur,17.6616,75.9145,7.38,0.019,0.03,0.007,0.032,0.001,0.22,0.04,0.22,0.04
S120,Ahmednagar,19.0886,74.7413,7.08,0.021,0.032,0.004,0.034,0.002,0.28,0.15,0.16,0.07
S121,Mumbai,19.0959,72.9129,7.05,0.008,0.029,0.004,0.031,0.002,0.4,0.1,0.15,0.09
S122,Solapur,17.6671,75.9845,7.14,0.005,0.031,0.006,0.049,0.003,0.29,0.06,0.13,0.04
S123,Solapur,17.6425,75.9241,7.42,0.018,0.018,0.006,0.048,0.002,0.29,0.1,0.11,0.07
S124,Ahmednagar,19.0916,74.7622,6.78,0.013,0.031,0.004,0.053,0.002,0.32,0.13,0.08,0.02
S125,Satara,17.6347,74.0562,6.86,0.031,0.022,0.005,0.051,0.004,0.46,0.14,0.18,0.07
S126,Sangli,16.8758,74.565,6.8,0.016,0.025,0.004,0.043,0.003,0.31,0.14,0.09,0.06
S127,Aurangabad,19.8547,75.2873,6.98,0.015,0.037,0.006,0.026,0.003,0.4,0.12,0.13,0.04
S128,Sangli,16.8412,74.6142,7.47,0.025,0.023,0.003,0.037,0.001,0.33,0.1,0.12,0.03
S129,Pune,18.5358,73.8407,6.71,0.002,0.026,0.009,0.053,0.002,0.25,0.11,0.1,0.07
S130,Mumbai,19.099,72.9145,6.97,0.015,0.02,0.003,0.034,0.002,0.37,0.08,0.2,0.05
S131,Sangli,16.8518,74.5591,6.5,0.021,0.031,0.004,0.037,0.002,0.17,0.08,0.17,0.03
S132,Aurangabad,19.885,75.3026,7.12,0.016,0.015,0.007,0.029,0.001,0.32,0.13,0.1,0.06
S133,Kolhapur,16.7179,74.2641,7.04,0.014,0.02,0.005,0.025,0.0,0.33,0.13,0.05,0.04
S134,Mumbai,19.0946,72.9394,7.01,0.012,0.025,0.008,0.03,0.001,0.26,0.07,0.14,0.09
S135,Aurangabad,19.8859,75.3357,6.93,0.007,0.032,0.005,0.034,0.005,0.32,0.08,0.12,0.08
S136,Solapur,17.6633,75.8633,7.23,0.012,0.039,0.007,0.032,0.003,0.31,0.13,0.16,0.04
S137,Nashik,19.9782,73.8207,6.92,0.014,0.019,0.006,0.057,0.001,0.3,0.14,0.14,0.07
S138,Satara,17.6486,74.0311,6.95,0.022,0.034,0.01,0.042,0.002,0.32,0.09,0.15,0.05
S139,Pune,18.5255,73.8962,6.75,0.023,0.035,0.005,0.015,0.002,0.4,0.1,0.1,0.05
S140,Aurangabad,19.9014,75.3597,6.94,0.014,0.023,0.003,0.052,0.002,0.4,0.15,0.18,0.05
S141,Sangli,16.8645,74.5808,6.77,0.018,0.018,0.007,0.031,0.002,0.32,0.09,0.16,0.05
S142,Nashik,20.0236,73.7494,7.03,0.028,0.019,0.004,0.041,0.002,0.33,0.11,0.17,0.08
S143,Sangli,16.8647,74.5743,7.17,0.027,0.025,0.003,0.047,0.002,0.13,0.13,0.12,0.06
S144,Mumbai,19.086,72.8834,7.18,0.013,0.03,0.004,0.043,0.002,0.23,0.13,0.12,0.08
S145,Aurangabad,19.8872,75.3984,6.94,0.014,0.026,0.004,0.044,0.001,0.22,0.07,0.18,0.09
S146,Sangli,16.8493,74.5764,7.02,0.023,0.02,0.005,0.046,0.002,0.32,0.13,0.03,0.07
S147,Ahmednagar,19.0756,74.6947,7.13,0.024,0.025,0.007,0.052,0.003,0.43,0.12,0.14,0.03
S148,Nagpur,21.1384,79.0629,7.54,0.015,0.027,0.006,0.036,0.003,0.25,0.11,0.11,0.03
S149,Nashik,19.9791,73.7887,6.89,0.012,0.016,0.005,0.021,0.003,0.31,0.06,0.13,0.04
S150,Kolhapur,16.7146,74.2835,6.53,0.017,0.025,0.006,0.038,0.001,0.27,0.08,0.18,0.06
S151,Nashik,20.0545,73.788,6.82,0.007,0.013,0.002,0.039,0.002,0.17,0.13,0.12,0.06
S152,Sangli,16.9008,74.6084,6.93,0.011,0.011,0.004,0.034,0.001,0.29,0.1,0.13,0.05
S153,Sangli,16.8575,74.5948,6.73,0.024,0.025,0.005,0.043,0.002,0.38,0.11,0.12,0.07
S154,Pune,18.4861,73.86,6.99,0.015,0.025,0.001,0.031,0.002,0.31,0.07,0.19,0.04
S155,Ahmednagar,19.1243,74.7624,6.84,0.027,0.018,0.007,0.046,0.001,0.41,0.09,0.15,0.07
S156,Kolhapur,16.701,74.2676,7.2,0.006,0.035,0.002,0.046,0.003,0.21,0.09,0.1,0.06
S157,Satara,17.6713,74.0417,7.33,0.024,0.022,0.005,0.019,0.001,0.38,0.15,0.09,0.05
S158,Pune,18.5196,73.8651,6.8,0.019,0.023,0.005,0.041,0.002,0.27,0.1,0.14,0.05
S159,Mumbai,19.0682,72.9257,7.14,0.014,0.031,0.004,0.048,0.002,0.29,0.11,0.08,0.04
S160,Kolhapur,16.6692,74.2476,7.43,0.029,0.03,0.006,0.018,0.002,0.24,0.08,0.13,0.05
S161,Aurangabad,19.8168,75.3657,6.73,0.017,0.041,0.003,0.011,0.002,0.39,0.16,0.09,0.07
S162,Nagpur,21.1318,79.085,7.66,0.007,0.028,0.006,0.047,0.002,0.32,0.09,0.15,0.05
S163,Pune,18.539,73.8456,7.09,0.016,0.034,0.005,0.018,0.003,0.23,0.08,0.12,0.09
S164,Nagpur,21.0817,79.1823,7.26,0.017,0.026,0.006,0.041,0.003,0.34,0.1,0.13,0.06
S165,Ahmednagar,19.0894,74.7836,7.15,0.002,0.031,0.005,0.036,0.002,0.39,0.13,0.11,0.07
S166,Mumbai,19.0469,72.8363,6.84,0.021,0.033,0.006,0.043,0.002,0.25,0.11,0.17,0.08
S167,Mumbai,19.1117,72.8989,7.09,0.022,0.026,0.003,0.034,0.001,0.25,0.1,0.11,0.05
S168,Satara,17.6237,74.0247,7.0,0.011,0.031,0.007,0.02,0.001,0.24,0.07,0.17,0.06
S169,Mumbai,19.0681,72.8176,7.16,0.009,0.026,0.006,0.05,0.001,0.06,0.11,0.21,0.08
S170,Sangli,16.8587,74.5668,7.2,0.01,0.029,0.006,0.047,0.004,0.33,0.08,0.14,0.02
S171,Nashik,19.9767,73.7775,6.87,0.017,0.02,0.007,0.036,0.002,0.27,0.1,0.17,0.04
S172,Nashik,19.9778,73.7807,6.66,0.011,0.023,0.007,0.039,0.002,0.37,0.1,0.16,0.06
S173,Satara,17.6885,74.0008,6.5,0.015,0.036,0.007,0.046,0.003,0.31,0.11,0.12,0.05
S174,Sangli,16.8709,74.6176,6.97,0.013,0.026,0.006,0.022,0.0,0.26,0.06,0.12,0.06
S175,Nashik,19.9839,73.8334,7.08,0.018,0.03,0.003,0.046,0.002,0.35,0.07,0.08,0.08
S176,Aurangabad,19.8875,75.3162,6.78,0.023,0.018,0.008,0.027,0.003,0.27,0.12,0.12,0.06
S177,Sangli,16.8536,74.5514,7.19,0.013,0.024,0.003,0.01,0.002,0.49,0.12,0.14,0.05
S178,Ahmednagar,19.0959,74.766,6.7,0.023,0.031,0.006,0.04,0.002,0.35,0.12,0.13,0.05
S179,Solapur,17.663,75.9529,6.69,0.007,0.027,0.005,0.038,0.002,0.28,0.14,0.08,0.04
S180,Nagpur,21.1427,79.0389,6.96,0.026,0.026,0.005,0.023,0.002,0.27,0.09,0.19,0.07
S181,Sangli,16.8191,74.5889,7.12,0.023,0.037,0.003,0.028,0.001,0.28,0.11,0.18,0.06
S182,Nagpur,21.1362,79.0928,6.79,0.029,0.015,0.005,0.056,0.002,0.28,0.09,0.13,0.09
S183,Aurangabad,19.8098,75.3893,6.64,0.014,0.023,0.006,0.02,0.002,0.46,0.06,0.15,0.05
S184,Solapur,17.6727,75.907,6.84,0.019,0.039,0.005,0.043,0.001,0.22,0.11,0.2,0.07
S185,Kolhapur,16.6956,74.2433,6.69,0.02,0.032,0.004,0.031,0.002,0.27,0.1,0.22,0.06
S186,Satara,17.6697,73.9989,7.19,0.015,0.021,0.008,0.05,0.002,0.15,0.13,0.11,0.08
S187,Sangli,16.7933,74.6083,6.7,0.02,0.026,0.003,0.032,0.003,0.31,0.12,0.22,0.03
S188,Satara,17.729,74.0214,6.78,0.008,0.025,0.007,0.035,0.003,0.18,0.1,0.09,0.07
S189,Mumbai,19.1026,72.8651,6.5,0.017,0.029,0.006,0.048,0.001,0.35,0.14,0.07,0.07
S190,Nagpur,21.1307,79.0858,7.09,0.013,0.021,0.005,0.025,0.001,0.35,0.07,0.17,0.07
S191,Nagpur,21.094,79.0679,7.3,0.01,0.023,0.006,0.044,0.002,0.25,0.14,0.21,0.08
S192,Mumbai,19.0786,72.8535,6.79,0.019,0.029,0.008,0.043,0.001,0.38,0.07,0.12,0.07
S193,Kolhapur,16.7649,74.3366,7.15,0.015,0.03,0.007,0.033,0.003,0.32,0.11,0.17,0.07
S194,Pune,18.5456,73.8382,6.86,0.009,0.029,0.007,0.041,0.003,0.3,0.12,0.1,0.05
S195,Ahmednagar,19.1161,74.7751,6.93,0.016,0.015,0.004,0.045,0.002,0.34,0.1,0.14,0.05
S196,Sangli,16.8734,74.5941,7.12,0.013,0.011,0.007,0.031,0.001,0.36,0.09,0.18,0.07
S197,Nagpur,21.1663,79.0472,7.3,0.018,0.023,0.005,0.018,0.002,0.22,0.06,0.08,0.08
S198,Ahmednagar,19.0763,74.7956,6.87,0.006,0.018,0.007,0.034,0.002,0.31,0.12,0.18,0.09
S199,Nagpur,21.135,79.0484,6.9,0.018,0.019,0.003,0.039,0.002,0.3,0.08,0.13,0.04
S200,Pune,18.5471,73.8878,6.54,0.01,0.016,0.004,0.035,0.001,0.23,0.07,0.15,0.06
S201,Mumbai,19.0543,72.883,6.86,0.014,0.038,0.008,0.023,0.003,0.36,0.07,0.17,0.09
S202,Pune,18.4867,73.8292,7.25,0.018,0.03,0.006,0.04,0.001,0.38,0.14,0.13,0.06
S203,Nagpur,21.0999,79.1036,7.14,0.016,0.034,0.004,0.042,0.001,0.3,0.09,0.15,0.05
S204,Mumbai,19.0721,72.9025,6.89,0.006,0.038,0.008,0.023,0.003,0.26,0.11,0.15,0.06
S205,Pune,18.4969,73.836,6.77,0.011,0.026,0.004,0.043,0.003,0.25,0.11,0.16,0.07
S206,Kolhapur,16.7073,74.2656,7.12,0.009,0.032,0.007,0.028,0.002,0.35,0.09,0.18,0.11
S207,Mumbai,19.0524,72.8363,7.08,0.02,0.024,0.008,0.023,0.003,0.25,0.15,0.22,0.04
S208,Sangli,16.8359,74.6073,6.9,0.016,0.026,0.001,0.036,0.001,0.26,0.14,0.09,0.08
S209,Nagpur,21.1374,79.0798,7.2,0.018,0.03,0.007,0.033,0.002,0.21,0.08,0.26,0.08
S210,Aurangabad,19.8357,75.3036,7.12,0.019,0.03,0.004,0.035,0.002,0.31,0.03,0.13,0.04
S211,Satara,17.6858,74.1079,7.09,0.014,0.032,0.006,0.04,0.002,0.46,0.07,0.16,0.04
S212,Nagpur,21.1625,79.0606,6.9,0.014,0.033,0.007,0.024,0.002,0.24,0.06,0.13,0.05
S213,Sangli,16.9252,74.5945,6.66,0.013,0.033,0.009,0.02,0.0,0.45,0.11,0.11,0.07
S214,Nashik,19.9184,73.7899,7.08,0.022,0.019,0.005,0.027,0.002,0.23,0.09,0.1,0.07
S215,Ahmednagar,19.121,74.7426,7.01,0.007,0.024,0.005,0.062,0.001,0.42,0.13,0.15,0.1
S216,Ahmednagar,19.1064,74.7613,6.99,0.023,0.034,0.004,0.023,0.002,0.24,0.1,0.19,0.05
S217,Satara,17.6792,74.02,7.21,0.003,0.022,0.005,0.048,0.002,0.15,0.12,0.11,0.04
S218,Nagpur,21.1271,79.0827,6.85,0.003,0.032,0.008,0.043,0.001,0.28,0.1,0.16,0.07
S219,Satara,17.6585,74.0208,7.11,0.025,0.031,0.007,0.037,0.003,0.33,0.07,0.2,0.07
S220,Solapur,17.6466,75.892,7.07,0.019,0.027,0.006,0.053,0.003,0.32,0.13,0.1,0.07
S221,Nagpur,21.2001,79.0817,6.79,0.012,0.018,0.003,0.032,0.001,0.3,0.13,0.1,0.09
S222,Mumbai,19.0913,72.9086,6.84,0.021,0.018,0.007,0.038,0.002,0.21,0.07,0.16,0.04
S223,Mumbai,19.0899,72.8367,7.21,0.009,0.03,0.006,0.029,0.002,0.32,0.08,0.1,0.02
S224,Solapur,17.6704,75.8595,7.02,0.014,0.031,0.004,0.033,0.003,0.33,0.11,0.16,0.03
S225,Kolhapur,16.7277,74.2617,6.75,0.015,0.026,0.005,0.039,0.003,0.39,0.06,0.16,0.09
S226,Solapur,17.6715,75.9391,7.5,0.022,0.028,0.007,0.037,0.002,0.27,0.15,0.11,0.09
S227,Solapur,17.6749,75.8644,7.09,0.003,0.03,0.007,0.03,0.002,0.46,0.08,0.1,0.09
S228,Satara,17.7394,74.0184,7.25,0.024,0.021,0.004,0.048,0.003,0.35,0.07,0.22,0.05
S229,Pune,18.5103,73.867,7.39,0.021,0.029,0.006,0.036,0.002,0.1,0.09,0.15,0.04
S230,Mumbai,19.0876,72.8716,7.44,0.025,0.023,0.005,0.035,0.002,0.32,0.08,0.09,0.07
S231,Pune,18.5393,73.8326,7.22,0.012,0.028,0.007,0.036,0.002,0.26,0.09,0.13,0.05
S232,Solapur,17.6546,75.8599,6.88,0.014,0.024,0.005,0.035,0.002,0.37,0.08,0.09,0.04
S233,Kolhapur,16.6904,74.2327,6.81,0.008,0.023,0.005,0.042,0.002,0.27,0.07,0.14,0.04
S234,Mumbai,19.0932,72.8241,6.91,0.018,0.027,0.01,0.039,0.001,0.29,0.05,0.14,0.04
S235,Nagpur,21.1733,79.0717,6.97,0.012,0.038,0.004,0.054,0.003,0.34,0.11,0.16,0.02
S236,Nagpur,21.1374,79.1136,6.99,0.008,0.026,0.008,0.048,0.002,0.38,0.09,0.07,0.04
S237,Nagpur,21.1927,79.08,6.94,0.014,0.039,0.008,0.058,0.002,0.32,0.05,0.2,0.04
S238,Sangli,16.8589,74.5486,6.85,0.011,0.022,0.004,0.031,0.003,0.21,0.11,0.19,0.05
S239,Satara,17.659,74.0114,7.29,0.017,0.022,0.006,0.025,0.003,0.33,0.09,0.11,0.04
S240,Nashik,20.0135,73.8267,6.84,0.019,0.011,0.004,0.036,0.001,0.23,0.08,0.15,0.06
S241,Solapur,17.5928,75.8428,6.85,0.019,0.007,0.004,0.031,0.003,0.27,0.11,0.15,0.02
S242,Nashik,20.0205,73.7963,7.13,0.04,0.011,0.008,0.033,0.002,0.3,0.09,0.12,0.07
S243,Aurangabad,19.8307,75.3658,6.9,0.009,0.023,0.008,0.031,0.002,0.24,0.12,0.17,0.1
S244,Satara,17.6752,74.0384,7.02,0.024,0.021,0.006,0.034,0.002,0.31,0.11,0.14,0.06
S245,Nagpur,21.1931,79.1178,7.22,0.013,0.02,0.007,0.045,0.003,0.25,0.09,0.07,0.05
S246,Mumbai,19.1059,72.8637,7.16,0.015,0.028,0.003,0.037,0.0,0.29,0.05,0.19,0.08
S247,Satara,17.6945,74.0639,6.76,0.026,0.033,0.005,0.047,0.001,0.23,0.08,0.12,0.04
S248,Sangli,16.8891,74.5737,7.09,0.013,0.013,0.006,0.017,0.002,0.19,0.16,0.18,0.06
S249,Mumbai,19.1139,72.8523,7.14,0.017,0.028,0.008,0.043,0.002,0.17,0.07,0.14,0.06
S250,Pune,18.4865,73.9291,7.38,0.02,0.027,0.005,0.026,0.002,0.32,0.06,0.15,0.06
S251,Sangli,16.7952,74.5557,6.9,0.027,0.03,0.002,0.041,0.001,0.39,0.09,0.14,0.09
S252,Pune,18.4818,73.8148,6.85,0.022,0.015,0.001,0.031,0.002,0.4,0.09,0.12,0.08
S253,Mumbai,19.0199,72.866,7.05,0.019,0.022,0.005,0.011,0.001,0.34,0.07,0.14,0.07
S254,Nagpur,21.1355,79.0933,6.76,0.015,0.03,0.005,0.03,0.002,0.36,0.04,0.19,0.05
S255,Nashik,20.0103,73.8257,6.66,0.012,0.024,0.003,0.053,0.001,0.26,0.11,0.09,0.05
S256,Solapur,17.6694,75.8964,6.98,0.013,0.015,0.006,0.054,0.002,0.32,0.12,0.09,0.09
S257,Satara,17.6866,74.0673,6.82,0.027,0.031,0.006,0.038,0.002,0.4,0.1,0.06,0.04
S258,Satara,17.6749,74.0276,6.99,0.023,0.012,0.005,0.018,0.003,0.29,0.11,0.11,0.09
S259,Nagpur,21.1771,79.1057,6.97,0.019,0.021,0.007,0.052,0.003,0.24,0.11,0.09,0.07
S260,Solapur,17.6734,75.8503,6.71,0.014,0.024,0.003,0.04,0.002,0.28,0.08,0.18,0.09
S261,Pune,18.5059,73.8383,7.12,0.014,0.025,0.006,0.017,0.003,0.31,0.09,0.14,0.06
S262,Nashik,19.9456,73.8346,7.01,0.019,0.033,0.003,0.041,0.002,0.37,0.04,0.14,0.05
S263,Solapur,17.6729,75.9205,6.82,0.012,0.025,0.003,0.044,0.002,0.07,0.09,0.1,0.03
S264,Pune,18.4833,73.86,7.33,0.018,0.022,0.006,0.031,0.001,0.21,0.05,0.12,0.06
S265,Solapur,17.657,75.8939,6.76,0.02,0.017,0.007,0.026,0.001,0.18,0.08,0.18,0.07
S266,Aurangabad,19.9056,75.359,6.72,0.014,0.021,0.008,0.024,0.003,0.37,0.15,0.12,0.07
S267,Satara,17.7489,73.9998,6.62,0.005,0.031,0.001,0.032,0.002,0.31,0.11,0.15,0.09
S268,Aurangabad,19.8476,75.323,6.81,0.021,0.032,0.006,0.048,0.001,0.43,0.15,0.17,0.1
S269,Solapur,17.6102,75.8907,6.82,0.02,0.019,0.007,0.05,0.003,0.32,0.07,0.11,0.08
S270,Sangli,16.8758,74.5803,6.9,0.004,0.019,0.009,0.023,0.002,0.38,0.06,0.15,0.08
S271,Satara,17.6809,74.1044,6.58,0.022,0.025,0.007,0.04,0.001,0.32,0.04,0.16,0.07
S272,Nashik,20.0167,73.8215,7.09,0.017,0.02,0.004,0.048,0.003,0.28,0.1,0.1,0.08
S273,Nagpur,21.1658,79.1464,6.78,0.014,0.028,0.006,0.034,0.001,0.37,0.12,0.1,0.09
S274,Aurangabad,19.9113,75.3473,7.02,0.019,0.02,0.005,0.014,0.003,0.18,0.15,0.13,0.06
S275,Nagpur,21.127,79.0796,7.35,0.002,0.035,0.006,0.024,0.001,0.43,0.07,0.09,0.08
S276,Pune,18.5306,73.8286,7.05,0.01,0.034,0.007,0.041,0.002,0.44,0.1,0.09,0.07
S277,Ahmednagar,19.1578,74.7192,6.91,0.018,0.026,0.003,0.047,0.004,0.32,0.07,0.08,0.07
S278,Sangli,16.8855,74.5958,7.0,0.012,0.018,0.007,0.045,0.001,0.43,0.12,0.2,0.03
S279,Pune,18.4794,73.8522,7.13,0.027,0.031,0.005,0.026,0.003,0.22,0.15,0.13,0.09
S280,Kolhapur,16.7254,74.2392,6.87,0.014,0.029,0.005,0.03,0.002,0.31,0.04,0.16,0.04
S281,Pune,18.4858,73.8061,6.55,0.008,0.021,0.009,0.031,0.002,0.33,0.1,0.14,0.04
S282,Pune,18.5639,73.9109,6.58,0.01,0.024,0.003,0.041,0.001,0.47,0.14,0.15,0.08
S283,Ahmednagar,19.1284,74.7327,6.8,0.016,0.032,0.005,0.02,0.001,0.29,0.1,0.22,0.03
S284,Satara,17.6957,74.063,7.57,0.014,0.029,0.006,0.038,0.002,0.33,0.02,0.17,0.06
S285,Sangli,16.8457,74.6429,6.83,0.014,0.04,0.003,0.03,0.002,0.37,0.11,0.09,0.05
S286,Sangli,16.8342,74.5792,7.11,0.019,0.014,0.007,0.039,0.003,0.34,0.13,0.16,0.09
S287,Nashik,20.0132,73.7869,7.57,0.021,0.03,0.002,0.023,0.002,0.31,0.08,0.15,0.09
S288,Pune,18.5413,73.8225,6.97,0.011,0.023,0.004,0.031,0.001,0.29,0.08,0.03,0.1
S289,Sangli,16.8851,74.5702,7.0,0.009,0.038,0.009,0.038,0.003,0.31,0.06,0.12,0.06
S290,Mumbai,19.0624,72.8711,6.98,0.016,0.026,0.003,0.029,0.001,0.38,0.04,0.19,0.09
S291,Nashik,19.9884,73.7117,6.91,0.016,0.019,0.004,0.051,0.003,0.23,0.05,0.13,0.06
S292,Mumbai,19.0909,72.8616,7.13,0.028,0.032,0.005,0.034,0.002,0.39,0.08,0.14,0.06
S293,Ahmednagar,19.0801,74.7084,7.08,0.016,0.03,0.004,0.048,0.001,0.44,0.05,0.16,0.07
S294,Mumbai,19.0521,72.8904,7.32,0.003,0.03,0.001,0.026,0.003,0.25,0.06,0.13,0.1
S295,Nagpur,21.0908,79.0567,7.37,0.027,0.025,0.003,0.057,0.003,0.35,0.08,0.14,0.06
S296,Solapur,17.6698,75.9499,7.22,0.01,0.036,0.006,0.043,0.003,0.21,0.1,0.12,0.03
S297,Mumbai,19.0864,72.953,6.54,0.016,0.03,0.005,0.035,0.001,0.32,0.08,0.05,0.08
S298,Ahmednagar,19.124,74.7511,7.06,0.022,0.028,0.007,0.033,0.003,0.33,0.11,0.09,0.07
S299,Nagpur,21.1208,79.0691,6.8,0.01,0.041,0.008,0.055,0.001,0.31,0.06,0.11,0.04
S300,Ahmednagar,19.1324,74.7377,7.27,0.02,0.042,0.002,0.049,0.003,0.22,0.13,0.15,0.06
S301,Ahmednagar,19.0705,74.728,7.51,0.016,0.031,0.003,0.028,0.003,0.19,0.09,0.14,0.06
S302,Pune,18.515,73.8686,7.17,0.02,0.019,0.004,0.048,0.003,0.19,0.11,0.06,0.06
S303,Ahmednagar,19.1521,74.7212,6.79,0.021,0.015,0.004,0.042,0.001,0.28,0.12,0.16,0.07
S304,Mumbai,19.0658,72.8888,6.97,0.019,0.023,0.005,0.026,0.002,0.24,0.07,0.15,0.06
S305,Solapur,17.6834,75.8935,7.1,0.019,0.029,0.003,0.037,0.002,0.3,0.04,0.15,0.1
S306,Ahmednagar,19.0844,74.7278,7.09,0.018,0.034,0.002,0.043,0.002,0.29,0.11,0.18,0.08
S307,Ahmednagar,19.0609,74.7742,6.98,0.016,0.027,0.005,0.048,0.002,0.21,0.09,0.15,0.08
S308,Sangli,16.8705,74.556,7.62,0.018,0.035,0.005,0.041,0.003,0.4,0.13,0.17,0.05
S309,Kolhapur,16.6878,74.2533,7.23,0.015,0.033,0.008,0.027,0.001,0.29,0.11,0.12,0.09
S310,Aurangabad,19.8889,75.3445,6.64,0.008,0.028,0.001,0.046,0.002,0.56,0.17,0.13,0.06
S311,Nagpur,21.1757,79.1393,6.59,0.005,0.022,0.006,0.041,0.003,0.2,0.03,0.17,0.04
S312,Kolhapur,16.6444,74.2477,7.2,0.015,0.023,0.005,0.032,0.001,0.24,0.12,0.15,0.06
S313,Nagpur,21.1159,79.0828,6.5,0.017,0.036,0.002,0.03,0.002,0.4,0.09,0.11,0.02
S314,Aurangabad,19.8793,75.4046,7.07,0.016,0.028,0.005,0.028,0.003,0.32,0.1,0.1,0.09
S315,Solapur,17.6798,75.8898,7.25,0.013,0.021,0.003,0.018,0.002,0.15,0.06,0.06,0.06
S316,Nashik,19.993,73.78,6.74,0.009,0.029,0.004,0.039,0.001,0.31,0.14,0.16,0.05
S317,Aurangabad,19.8839,75.3361,7.0,0.014,0.025,0.005,0.026,0.001,0.19,0.05,0.09,0.06
S318,Satara,17.6537,74.0337,7.01,0.004,0.031,0.007,0.026,0.002,0.23,0.1,0.09,0.02
S319,Kolhapur,16.6935,74.2396,6.9,0.009,0.023,0.006,0.036,0.002,0.25,0.14,0.09,0.07
S320,Mumbai,19.1115,72.8921,6.95,0.013,0.033,0.002,0.026,0.002,0.4,0.11,0.1,0.05
S321,Pune,18.502,73.8354,7.24,0.008,0.037,0.007,0.047,0.002,0.29,0.06,0.12,0.07
S322,Satara,17.7194,73.9851,6.91,0.015,0.016,0.006,0.029,0.002,0.26,0.08,0.14,0.06
S323,Ahmednagar,19.084,74.7277,7.08,0.026,0.027,0.007,0.022,0.002,0.21,0.06,0.11,0.08
S324,Ahmednagar,19.1237,74.7569,6.62,0.015,0.028,0.005,0.018,0.001,0.29,0.12,0.05,0.06
S325,Mumbai,19.0803,72.9032,7.17,0.019,0.02,0.001,0.032,0.003,0.41,0.12,0.16,0.07
S326,Mumbai,19.0593,72.8738,7.42,0.01,0.037,0.004,0.049,0.001,0.35,0.08,0.08,0.06
S327,Sangli,16.8827,74.5562,6.63,0.015,0.025,0.006,0.045,0.002,0.45,0.11,0.13,0.03
S328,Nagpur,21.1379,79.0781,7.24,0.019,0.018,0.005,0.043,0.003,0.37,0.12,0.14,0.07
S329,Sangli,16.8899,74.5415,6.91,0.011,0.029,0.007,0.03,0.0,0.27,0.13,0.16,0.07
S330,Aurangabad,19.8678,75.3049,7.13,0.011,0.041,0.006,0.03,0.002,0.29,0.09,0.18,0.06
S331,Nashik,19.9756,73.8465,7.01,0.021,0.022,0.006,0.039,0.0,0.46,0.14,0.12,0.04
S332,Kolhapur,16.7154,74.2459,7.09,0.017,0.03,0.008,0.042,0.001,0.41,0.15,0.27,0.04
S333,Mumbai,19.0833,72.8152,7.14,0.013,0.039,0.003,0.019,0.002,0.14,0.12,0.06,0.06
S334,Nagpur,21.0835,79.0786,7.41,0.018,0.02,0.005,0.036,0.002,0.19,0.12,0.03,0.05
S335,Kolhapur,16.6904,74.2623,7.01,0.008,0.019,0.005,0.035,0.002,0.26,0.12,0.12,0.06
S336,Aurangabad,19.9413,75.3006,6.54,0.021,0.021,0.004,0.028,0.002,0.43,0.12,0.17,0.03
S337,Nashik,19.963,73.7046,6.8,0.022,0.03,0.005,0.036,0.001,0.32,0.12,0.08,0.07
S338,Satara,17.7085,74.0058,7.18,0.033,0.025,0.006,0.029,0.002,0.34,0.11,0.1,0.06
S339,Sangli,16.8963,74.595,7.24,0.015,0.031,0.006,0.026,0.002,0.22,0.08,0.15,0.07
S340,Aurangabad,19.8405,75.3749,7.14,0.012,0.015,0.005,0.032,0.002,0.27,0.04,0.12,0.05
S341,Ahmednagar,19.1142,74.7287,7.42,0.005,0.035,0.005,0.045,0.002,0.39,0.09,0.1,0.09
S342,Sangli,16.849,74.5881,7.31,0.01,0.03,0.004,0.035,0.002,0.18,0.08,0.19,0.08
S343,Pune,18.5185,73.864,6.93,0.024,0.025,0.005,0.047,0.001,0.42,0.05,0.21,0.05
S344,Sangli,16.8451,74.5248,6.89,0.01,0.022,0.005,0.046,0.002,0.32,0.07,0.1,0.1
S345,Aurangabad,19.8541,75.393,6.94,0.016,0.033,0.008,0.035,0.002,0.3,0.11,0.18,0.06
S346,Mumbai,19.0946,72.9269,7.1,0.018,0.015,0.001,0.04,0.002,0.26,0.11,0.14,0.08
S347,Nashik,20.0001,73.7674,7.25,0.015,0.03,0.004,0.03,0.002,0.3,0.11,0.13,0.02
S348,Aurangabad,19.8632,75.3671,6.93,0.015,0.033,0.004,0.021,0.002,0.26,0.07,0.13,0.07
S349,Mumbai,19.0757,72.8869,7.45,0.014,0.028,0.004,0.028,0.002,0.26,0.11,0.23,0.05
S350,Mumbai,19.0635,72.8758,7.1,0.018,0.035,0.001,0.012,0.002,0.39,0.05,0.03,0.07
S351,Sangli,16.8597,74.5488,6.75,0.01,0.027,0.004,0.041,0.0,0.23,0.07,0.13,0.05
S352,Nashik,20.0214,73.734,7.01,0.019,0.039,0.004,0.039,0.001,0.11,0.13,0.14,0.08
S353,Aurangabad,19.835,75.3589,7.47,0.019,0.028,0.005,0.02,0.003,0.25,0.12,0.08,0.04
S354,Aurangabad,19.9193,75.3329,7.36,0.016,0.013,0.007,0.03,0.003,0.3,0.05,0.15,0.1
S355,Ahmednagar,19.11,74.7479,7.27,0.017,0.027,0.003,0.038,0.003,0.23,0.14,0.14,0.04
S356,Nagpur,21.1757,79.0796,7.19,0.014,0.026,0.006,0.039,0.0,0.21,0.13,0.13,0.05
S357,Kolhapur,16.6642,74.2109,6.5,0.015,0.022,0.003,0.035,0.002,0.47,0.05,0.19,0.08
S358,Nagpur,21.1224,79.0943,6.89,0.017,0.037,0.006,0.041,0.002,0.18,0.09,0.19,0.03
S359,Aurangabad,19.8445,75.3471,6.75,0.011,0.023,0.002,0.026,0.003,0.2,0.05,0.11,0.07
S360,Sangli,16.8465,74.5676,7.01,0.006,0.029,0.006,0.032,0.003,0.21,0.13,0.15,0.05
S361,Satara,17.6799,74.0151,7.31,0.01,0.021,0.007,0.03,0.003,0.44,0.09,0.17,0.04
S362,Aurangabad,19.8988,75.3493,7.12,0.012,0.014,0.006,0.015,0.002,0.38,0.11,0.22,0.08
S363,Pune,18.5008,73.8575,6.99,0.007,0.019,0.004,0.016,0.002,0.28,0.05,0.16,0.07
S364,Mumbai,19.0828,72.868,7.15,0.02,0.028,0.003,0.039,0.003,0.25,0.16,0.12,0.06
S365,Solapur,17.6397,75.9131,6.56,0.013,0.018,0.005,0.046,0.003,0.11,0.16,0.15,0.04
S366,Aurangabad,19.8809,75.3486,6.83,0.017,0.022,0.004,0.029,0.001,0.31,0.12,0.16,0.08
S367,Pune,18.5301,73.8407,7.21,0.008,0.02,0.003,0.047,0.003,0.34,0.13,0.1,0.07
S368,Pune,18.5166,73.8821,6.97,0.014,0.03,0.007,0.029,0.002,0.22,0.03,0.15,0.07
S369,Kolhapur,16.7129,74.1848,6.91,0.003,0.036,0.003,0.049,0.003,0.23,0.07,0.15,0.04
S370,Nashik,20.0006,73.7753,6.55,0.003,0.028,0.004,0.03,0.003,0.39,0.09,0.13,0.07
S371,Aurangabad,19.8355,75.35,7.14,0.02,0.012,0.003,0.027,0.002,0.34,0.14,0.12,0.05
S372,Nashik,20.032,73.7987,7.32,0.018,0.018,0.002,0.02,0.003,0.4,0.16,0.17,0.08
S373,Satara,17.6631,73.9836,7.21,0.019,0.027,0.006,0.039,0.003,0.4,0.12,0.17,0.07
S374,Sangli,16.8386,74.6042,6.65,0.022,0.018,0.006,0.028,0.002,0.3,0.05,0.16,0.05
S375,Solapur,17.6863,75.9064,7.1,0.01,0.022,0.004,0.045,0.003,0.24,0.13,0.05,0.04
S376,Sangli,16.8236,74.5409,6.6,0.018,0.025,0.006,0.043,0.002,0.35,0.1,0.09,0.08
S377,Pune,18.5027,73.8286,6.96,0.011,0.023,0.006,0.039,0.001,0.26,0.13,0.16,0.1
S378,Mumbai,19.1114,72.912,6.65,0.021,0.026,0.004,0.038,0.003,0.34,0.07,0.17,0.05
S379,Mumbai,19.0825,72.8686,6.95,0.021,0.019,0.009,0.018,0.002,0.33,0.12,0.14,0.06
S380,Nashik,20.0098,73.7829,7.35,0.021,0.032,0.003,0.035,0.002,0.22,0.11,0.12,0.07
S381,Sangli,16.8203,74.6331,6.78,0.017,0.032,0.004,0.045,0.001,0.42,0.1,0.12,0.05
S382,Pune,18.5447,73.8392,6.81,0.015,0.018,0.009,0.03,0.003,0.32,0.07,0.14,0.08
S383,Kolhapur,16.6994,74.2791,7.26,0.022,0.023,0.003,0.03,0.002,0.34,0.03,0.14,0.06
S384,Ahmednagar,19.0869,74.7883,7.11,0.024,0.024,0.007,0.052,0.003,0.21,0.09,0.13,0.07
S385,Sangli,16.873,74.5563,7.02,0.004,0.036,0.004,0.037,0.002,0.39,0.01,0.14,0.06
S386,Nashik,19.9839,73.8416,6.78,0.021,0.028,0.008,0.029,0.001,0.39,0.11,0.08,0.05
S387,Solapur,17.6715,75.9315,6.83,0.002,0.03,0.003,0.016,0.0,0.37,0.1,0.13,0.09
S388,Nashik,20.0166,73.8383,6.65,0.016,0.015,0.005,0.034,0.003,0.3,0.12,0.17,0.1
S389,Pune,18.5109,73.8285,7.06,0.011,0.036,0.004,0.03,0.002,0.36,0.1,0.11,0.09
S390,Aurangabad,19.8505,75.3444,7.16,0.006,0.029,0.003,0.044,0.001,0.36,0.13,0.17,0.07
S391,Kolhapur,16.6981,74.226,7.37,0.012,0.019,0.006,0.028,0.001,0.18,0.09,0.14,0.06
S392,Pune,18.5489,73.8725,6.95,0.015,0.03,0.008,0.037,0.002,0.22,0.06,0.17,0.07
S393,Kolhapur,16.7223,74.2394,7.35,0.013,0.033,0.005,0.03,0.002,0.33,0.11,0.14,0.06
S394,Nagpur,21.2175,79.1237,7.18,0.017,0.033,0.006,0.036,0.002,0.29,0.01,0.15,0.05
S395,Nagpur,21.1936,79.0888,6.7,0.016,0.019,0.006,0.039,0.003,0.24,0.1,0.09,0.07
S396,Mumbai,19.0916,72.8926,7.0,0.018,0.037,0.004,0.037,0.001,0.23,0.1,0.18,0.05
S397,Kolhapur,16.6979,74.2311,6.87,0.018,0.016,0.008,0.029,0.003,0.2,0.12,0.17,0.07
S398,Sangli,16.8226,74.589,6.7,0.014,0.033,0.007,0.036,0.001,0.35,0.1,0.05,0.08
S399,Solapur,17.6592,75.9425,6.73,0.002,0.028,0.006,0.019,0.001,0.52,0.09,0.17,0.05
S400,Ahmednagar,19.0325,74.7445,6.93,0.014,0.025,0.006,0.034,0.001,0.34,0.04,0.06,0.07
S401,Nashik,20.0127,73.7881,6.65,0.012,0.024,0.002,0.029,0.003,0.41,0.09,0.17,0.02
S402,Nagpur,21.1656,79.0641,7.08,0.015,0.035,0.003,0.042,0.002,0.29,0.09,0.11,0.06
S403,Nashik,19.9956,73.797,7.02,0.021,0.032,0.003,0.045,0.001,0.35,0.12,0.06,0.06
S404,Nashik,19.9834,73.767,7.34,0.012,0.02,0.005,0.043,0.002,0.39,0.12,0.05,0.05
S405,Solapur,17.643,75.9208,6.5,0.031,0.03,0.005,0.048,0.004,0.37,0.13,0.15,0.06
S406,Pune,18.5061,73.8319,6.83,0.008,0.025,0.002,0.038,0.002,0.31,0.08,0.26,0.09
S407,Nashik,19.9602,73.7968,6.85,0.01,0.017,0.006,0.029,0.003,0.38,0.14,0.11,0.07
S408,Kolhapur,16.724,74.2291,6.81,0.026,0.028,0.006,0.028,0.001,0.25,0.1,0.1,0.06
S409,Solapur,17.6092,75.8728,7.17,0.02,0.023,0.003,0.026,0.002,0.35,0.13,0.12,0.04
S410,Nagpur,21.1538,79.0635,6.87,0.024,0.032,0.005,0.023,0.002,0.39,0.09,0.19,0.09
S411,Aurangabad,19.9261,75.3525,7.15,0.024,0.029,0.004,0.032,0.002,0.2,0.1,0.18,0.02
S412,Nashik,20.0435,73.8235,6.89,0.019,0.026,0.007,0.046,0.001,0.35,0.09,0.14,0.05
S413,Mumbai,19.1284,72.9089,6.82,0.008,0.023,0.006,0.038,0.003,0.36,0.13,0.15,0.03
S414,Solapur,17.654,75.9382,6.99,0.019,0.024,0.003,0.035,0.002,0.25,0.09,0.1,0.08
S415,Pune,18.5116,73.9003,7.38,0.016,0.019,0.001,0.021,0.001,0.41,0.1,0.16,0.02
S416,Satara,17.6446,74.0449,7.07,0.015,0.03,0.008,0.034,0.002,0.32,0.17,0.06,0.07
S417,Nagpur,21.1424,79.1052,6.84,0.016,0.031,0.011,0.044,0.001,0.27,0.09,0.07,0.05
S418,Nagpur,21.1678,79.05,7.26,0.019,0.021,0.005,0.052,0.003,0.3,0.09,0.14,0.05
S419,Satara,17.6174,74.0796,7.04,0.018,0.026,0.004,0.034,0.001,0.48,0.06,0.1,0.05
S420,Kolhapur,16.7436,74.2437,6.69,0.024,0.031,0.006,0.043,0.004,0.47,0.08,0.2,0.07
S421,Aurangabad,19.8912,75.2925,6.96,0.011,0.032,0.007,0.015,0.002,0.39,0.09,0.17,0.07
S422,Nagpur,21.156,79.0801,6.7,0.009,0.031,0.005,0.035,0.002,0.28,0.13,0.13,0.03
S423,Nagpur,21.1681,79.0821,7.01,0.026,0.026,0.006,0.024,0.002,0.35,0.05,0.15,0.06
S424,Pune,18.5216,73.8878,7.08,0.025,0.019,0.005,0.037,0.001,0.38,0.17,0.14,0.07
S425,Nagpur,21.1483,79.0668,6.54,0.012,0.016,0.008,0.035,0.002,0.37,0.07,0.11,0.06
S426,Solapur,17.6908,75.9215,7.06,0.016,0.029,0.005,0.026,0.002,0.21,0.1,0.12,0.11
S427,Kolhapur,16.7038,74.2012,6.97,0.019,0.038,0.004,0.02,0.003,0.19,0.09,0.13,0.06
S428,Aurangabad,19.8969,75.3228,6.93,0.016,0.027,0.005,0.04,0.003,0.33,0.11,0.08,0.06
S429,Mumbai,19.0904,72.8996,6.83,0.012,0.022,0.006,0.046,0.002,0.37,0.1,0.14,0.06
S430,Aurangabad,19.8986,75.3531,7.57,0.011,0.03,0.004,0.027,0.002,0.31,0.19,0.13,0.04
S431,Kolhapur,16.7132,74.1811,6.98,0.016,0.032,0.007,0.031,0.002,0.24,0.07,0.15,0.03
S432,Sangli,16.84,74.5516,7.14,0.027,0.017,0.001,0.035,0.002,0.32,0.09,0.13,0.07
S433,Solapur,17.6911,75.8477,6.91,0.017,0.02,0.008,0.03,0.002,0.34,0.08,0.07,0.05
S434,Sangli,16.8833,74.5714,6.79,0.022,0.024,0.004,0.037,0.003,0.49,0.12,0.19,0.05
S435,Kolhapur,16.6742,74.2452,7.03,0.01,0.025,0.006,0.04,0.002,0.32,0.08,0.12,0.04
S436,Pune,18.5739,73.8571,6.94,0.01,0.047,0.003,0.032,0.002,0.35,0.13,0.21,0.07
S437,Mumbai,19.0443,72.87,7.08,0.028,0.016,0.007,0.038,0.003,0.29,0.07,0.17,0.07
S438,Aurangabad,19.9054,75.3429,6.85,0.007,0.032,0.006,0.026,0.002,0.26,0.06,0.11,0.04
S439,Nashik,19.9851,73.7676,6.59,0.028,0.035,0.003,0.039,0.002,0.4,0.08,0.18,0.05
S440,Ahmednagar,19.0551,74.7713,7.32,0.032,0.018,0.006,0.032,0.003,0.18,0.06,0.11,0.06
S441,Aurangabad,19.857,75.3631,7.26,0.02,0.037,0.006,0.024,0.003,0.25,0.13,0.2,0.07
S442,Pune,18.4755,73.8292,7.33,0.015,0.027,0.007,0.043,0.002,0.28,0.09,0.17,0.07
S443,Mumbai,19.0683,72.9102,6.97,0.011,0.021,0.003,0.033,0.003,0.24,0.11,0.11,0.05
S444,Ahmednagar,19.0499,74.743,6.95,0.019,0.028,0.003,0.047,0.002,0.32,0.1,0.12,0.06
S445,Solapur,17.6742,75.854,6.87,0.014,0.028,0.007,0.028,0.002,0.26,0.08,0.13,0.08
S446,Kolhapur,16.6734,74.2561,6.57,0.013,0.024,0.008,0.033,0.0,0.14,0.1,0.16,0.07
S447,Kolhapur,16.71,74.2782,6.87,0.021,0.015,0.003,0.018,0.002,0.3,0.1,0.14,0.04
S448,Solapur,17.6542,75.8615,7.34,0.014,0.023,0.008,0.024,0.001,0.21,0.1,0.16,0.07
S449,Ahmednagar,19.1724,74.6821,7.15,0.013,0.022,0.004,0.027,0.003,0.37,0.1,0.19,0.03
S450,Sangli,16.8125,74.5162,6.83,0.017,0.027,0.005,0.022,0.003,0.32,0.12,0.06,0.07
S451,Mumbai,19.0404,72.8658,7.13,0.017,0.02,0.005,0.021,0.003,0.28,0.13,0.12,0.05
S452,Solapur,17.637,75.9327,6.82,0.02,0.023,0.001,0.03,0.001,0.3,0.06,0.18,0.06
S453,Ahmednagar,19.0899,74.7693,7.24,0.016,0.021,0.001,0.029,0.002,0.31,0.09,0.17,0.05
S454,Nagpur,21.1441,79.1237,7.09,0.016,0.022,0.004,0.027,0.002,0.36,0.09,0.09,0.1
S455,Aurangabad,19.8858,75.3011,6.89,0.017,0.038,0.003,0.046,0.003,0.25,0.09,0.1,0.06
S456,Pune,18.5193,73.8765,7.27,0.012,0.012,0.005,0.039,0.002,0.27,0.1,0.2,0.07
S457,Solapur,17.6487,75.8914,6.96,0.026,0.025,0.005,0.031,0.003,0.46,0.11,0.14,0.06
S458,Pune,18.4489,73.8791,7.03,0.019,0.021,0.004,0.032,0.003,0.27,0.16,0.16,0.03
S459,Sangli,16.8485,74.5619,6.5,0.026,0.031,0.006,0.038,0.001,0.26,0.13,0.1,0.01
S460,Sangli,16.8456,74.5772,7.03,0.02,0.03,0.006,0.048,0.001,0.34,0.12,0.09,0.03
S461,Nagpur,21.1234,79.0684,7.19,0.012,0.02,0.004,0.047,0.002,0.29,0.1,0.19,0.05
S462,Kolhapur,16.7445,74.2496,6.96,0.031,0.019,0.004,0.024,0.003,0.44,0.15,0.19,0.06
S463,Solapur,17.6489,75.8563,7.51,0.019,0.023,0.008,0.026,0.002,0.29,0.12,0.14,0.03
S464,Mumbai,19.0783,72.9092,6.99,0.021,0.019,0.005,0.03,0.003,0.3,0.12,0.18,0.07
S465,Kolhapur,16.7132,74.2134,7.0,0.013,0.024,0.004,0.026,0.0,0.25,0.11,0.09,0.06
S466,Ahmednagar,19.1522,74.7803,7.41,0.018,0.034,0.004,0.03,0.0,0.39,0.15,0.12,0.05
S467,Kolhapur,16.6824,74.2548,7.28,0.006,0.029,0.004,0.037,0.002,0.28,0.1,0.13,0.08
S468,Mumbai,19.0886,72.8843,6.68,0.014,0.032,0.005,0.043,0.003,0.38,0.1,0.12,0.01
S469,Aurangabad,19.8711,75.3335,7.1,0.015,0.024,0.001,0.027,0.002,0.44,0.1,0.15,0.08
S470,Sangli,16.8281,74.5925,6.81,0.021,0.027,0.006,0.028,0.003,0.47,0.07,0.13,0.06
S471,Aurangabad,19.8998,75.3265,6.5,0.024,0.031,0.002,0.03,0.003,0.42,0.13,0.13,0.06
S472,Solapur,17.656,75.9402,6.78,0.011,0.033,0.005,0.05,0.001,0.3,0.07,0.14,0.03
S473,Kolhapur,16.6904,74.2002,7.17,0.02,0.014,0.008,0.061,0.002,0.25,0.18,0.09,0.06
S474,Solapur,17.6653,75.9468,7.09,0.013,0.019,0.004,0.026,0.002,0.25,0.06,0.19,0.05
S475,Aurangabad,19.8382,75.3383,7.02,0.006,0.028,0.003,0.053,0.002,0.27,0.08,0.14,0.07
S476,Sangli,16.8516,74.575,7.01,0.012,0.024,0.001,0.046,0.002,0.24,0.16,0.14,0.04
S477,Nashik,20.0232,73.8017,7.1,0.013,0.029,0.004,0.042,0.0,0.27,0.15,0.11,0.05
S478,Nagpur,21.1324,79.0518,6.5,0.015,0.027,0.005,0.035,0.002,0.38,0.09,0.12,0.05
S479,Solapur,17.6773,75.9488,6.84,0.017,0.028,0.003,0.036,0.001,0.16,0.11,0.12,0.06
S480,Solapur,17.6594,75.8771,6.99,0.009,0.036,0.002,0.034,0.001,0.35,0.09,0.12,0.08
S481,Nashik,19.9984,73.8053,6.75,0.008,0.027,0.004,0.042,0.002,0.32,0.05,0.22,0.06
S482,Ahmednagar,19.1161,74.7245,7.08,0.008,0.029,0.004,0.036,0.003,0.2,0.08,0.16,0.1
S483,Ahmednagar,19.0911,74.7673,6.97,0.028,0.014,0.005,0.02,0.0,0.32,0.1,0.13,0.06
S484,Aurangabad,19.9691,75.3356,7.13,0.012,0.028,0.005,0.032,0.003,0.39,0.1,0.05,0.05
S485,Solapur,17.741,75.8995,7.28,0.025,0.028,0.003,0.012,0.003,0.23,0.11,0.09,0.05
S486,Sangli,16.8534,74.5896,6.72,0.023,0.022,0.002,0.035,0.002,0.31,0.14,0.13,0.06
S487,Pune,18.4873,73.8813,7.05,0.013,0.013,0.008,0.024,0.002,0.33,0.06,0.08,0.02
S488,Aurangabad,19.8978,75.3269,7.73,0.01,0.02,0.004,0.038,0.002,0.35,0.07,0.08,0.02
S489,Aurangabad,19.8095,75.3278,6.92,0.012,0.035,0.007,0.033,0.001,0.25,0.08,0.11,0.05
S490,Nagpur,21.1262,79.0766,6.84,0.017,0.029,0.003,0.049,0.001,0.17,0.11,0.11,0.07
S491,Solapur,17.5878,75.9482,7.17,0.007,0.016,0.008,0.029,0.001,0.12,0.09,0.13,0.07
S492,Ahmednagar,19.0532,74.704,7.11,0.022,0.015,0.007,0.036,0.003,0.29,0.02,0.13,0.08
S493,Ahmednagar,19.0684,74.738,6.96,0.002,0.038,0.003,0.041,0.002,0.4,0.11,0.13,0.04
S494,Kolhapur,16.7289,74.1871,7.16,0.009,0.035,0.005,0.042,0.002,0.16,0.07,0.17,0.06
S495,Satara,17.7159,74.0304,6.76,0.011,0.027,0.001,0.053,0.002,0.4,0.05,0.19,0.1
S496,Satara,17.6409,74.0414,7.0,0.007,0.029,0.007,0.03,0.003,0.17,0.06,0.15,0.06
S497,Satara,17.659,74.0426,7.13,0.021,0.025,0.006,0.032,0.004,0.23,0.16,0.14,0.03
S498,Nagpur,21.1868,79.092,7.21,0.023,0.028,0.004,0.046,0.002,0.35,0.04,0.16,0.05
S499,Sangli,16.902,74.6002,7.06,0.019,0.019,0.008,0.056,0.002,0.43,0.08,0.11,0.06
S500,Satara,17.6935,74.0065,7.13,0.018,0.019,0.006,0.045,0.002,0.39,0.06,0.16,0.04
S501,Nashik,19.9641,73.7709,6.76,0.013,0.025,0.007,0.033,0.001,0.39,0.07,0.14,0.07
S502,Mumbai,19.082,72.9105,7.12,0.011,0.041,0.005,0.035,0.003,0.32,0.11,0.24,0.05
S503,Aurangabad,19.8667,75.3468,7.27,0.007,0.012,0.004,0.02,0.002,0.34,0.07,0.08,0.06
S504,Sangli,16.8783,74.5307,7.21,0.021,0.033,0.007,0.058,0.002,0.31,0.09,0.14,0.09
S505,Ahmednagar,19.0548,74.7238,7.34,0.022,0.023,0.007,0.039,0.003,0.31,0.13,0.25,0.07
S506,Kolhapur,16.7065,74.265,6.91,0.03,0.027,0.004,0.028,0.003,0.37,0.09,0.16,0.03
S507,Mumbai,19.0815,72.8913,7.43,0.011,0.017,0.003,0.023,0.003,0.42,0.11,0.19,0.06
S508,Nagpur,21.1429,79.0782,6.92,0.007,0.028,0.005,0.043,0.002,0.29,0.07,0.14,0.07
S509,Aurangabad,19.8419,75.3459,7.06,0.012,0.022,0.005,0.025,0.002,0.23,0.13,0.23,0.04
S510,Nagpur,21.1618,79.0664,7.26,0.008,0.029,0.003,0.034,0.001,0.37,0.07,0.16,0.05
S511,Nagpur,21.1424,79.0926,6.81,0.017,0.037,0.003,0.048,0.003,0.23,0.06,0.15,0.05
S512,Nashik,20.0536,73.7908,6.8,0.009,0.034,0.004,0.036,0.003,0.26,0.1,0.14,0.07
S513,Pune,18.5381,73.8501,7.02,0.014,0.016,0.006,0.055,0.001,0.24,0.07,0.17,0.07
S514,Pune,18.5156,73.8292,7.02,0.007,0.027,0.007,0.023,0.001,0.43,0.08,0.19,0.06
S515,Nagpur,21.1409,79.1014,6.78,0.017,0.023,0.002,0.039,0.002,0.29,0.06,0.2,0.08
S516,Satara,17.7094,74.0091,6.57,0.028,0.026,0.004,0.04,0.003,0.3,0.14,0.18,0.04
S517,Ahmednagar,19.075,74.7783,6.5,0.015,0.016,0.004,0.033,0.002,0.26,0.07,0.23,0.1
S518,Mumbai,19.0411,72.9252,6.9,0.017,0.026,0.004,0.046,0.002,0.26,0.06,0.1,0.03
S519,Satara,17.6809,73.9824,6.93,0.024,0.034,0.005,0.035,0.004,0.34,0.09,0.08,0.07
S520,Solapur,17.6848,75.8875,7.07,0.014,0.025,0.001,0.034,0.003,0.25,0.1,0.11,0.07
S521,Ahmednagar,19.0887,74.7214,7.33,0.022,0.022,0.006,0.041,0.003,0.16,0.13,0.12,0.05
S522,Nagpur,21.2249,79.0973,6.9,0.003,0.036,0.002,0.026,0.002,0.41,0.12,0.13,0.07
S523,Solapur,17.6419,75.9106,7.02,0.022,0.033,0.006,0.032,0.003,0.29,0.07,0.12,0.06
S524,Satara,17.7078,74.0128,6.7,0.016,0.027,0.005,0.045,0.003,0.25,0.08,0.1,0.07
S525,Solapur,17.7034,75.8969,6.94,0.025,0.03,0.006,0.024,0.003,0.23,0.07,0.13,0.05
S526,Nagpur,21.1392,79.045,7.24,0.023,0.012,0.007,0.028,0.003,0.29,0.1,0.13,0.08
S527,Nashik,19.9603,73.808,7.28,0.02,0.042,0.004,0.046,0.002,0.4,0.1,0.12,0.09
S528,Pune,18.5057,73.8143,6.87,0.02,0.036,0.005,0.049,0.001,0.26,0.09,0.14,0.06
S529,Mumbai,19.0967,72.8644,7.03,0.016,0.02,0.005,0.035,0.002,0.3,0.1,0.12,0.09
S530,Solapur,17.6248,75.8848,7.69,0.01,0.017,0.006,0.015,0.002,0.47,0.05,0.06,0.03
S531,Nagpur,21.1728,79.1219,6.87,0.02,0.036,0.009,0.034,0.0,0.23,0.09,0.13,0.06
S532,Nashik,20.0311,73.828,6.96,0.023,0.029,0.005,0.045,0.002,0.46,0.06,0.12,0.06
S533,Sangli,16.8656,74.6195,6.99,0.007,0.032,0.007,0.017,0.002,0.17,0.08,0.1,0.08
S534,Satara,17.684,73.9797,7.22,0.007,0.028,0.003,0.032,0.002,0.34,0.14,0.14,0.07
S535,Pune,18.5073,73.8622,7.11,0.015,0.013,0.006,0.04,0.001,0.2,0.14,0.16,0.06
S536,Sangli,16.8183,74.5568,7.33,0.017,0.022,0.006,0.028,0.003,0.41,0.09,0.11,0.01
S537,Nagpur,21.1014,79.048,7.03,0.014,0.017,0.004,0.041,0.002,0.15,0.1,0.08,0.08
S538,Mumbai,19.0995,72.8508,6.81,0.013,0.01,0.006,0.033,0.003,0.21,0.08,0.08,0.04
S539,Satara,17.645,74.0482,6.83,0.017,0.023,0.002,0.034,0.002,0.2,0.12,0.11,0.05
S540,Nashik,20.0134,73.7699,7.01,0.014,0.027,0.001,0.018,0.002,0.38,0.07,0.13,0.07
S541,Satara,17.7013,73.9575,6.78,0.014,0.031,0.01,0.034,0.001,0.33,0.14,0.14,0.04
S542,Sangli,16.8811,74.6014,6.74,0.018,0.033,0.007,0.035,0.002,0.4,0.06,0.16,0.03
S543,Sangli,16.8844,74.5738,7.32,0.019,0.017,0.008,0.052,0.003,0.24,0.09,0.15,0.05
S544,Ahmednagar,19.146,74.7539,6.5,0.018,0.024,0.005,0.032,0.003,0.39,0.11,0.13,0.06
S545,Kolhapur,16.7056,74.2192,7.14,0.019,0.037,0.008,0.029,0.003,0.22,0.12,0.12,0.04
S546,Satara,17.6889,73.9381,6.56,0.015,0.027,0.004,0.02,0.001,0.33,0.12,0.14,0.08
S547,Ahmednagar,19.1071,74.7272,6.93,0.008,0.025,0.007,0.043,0.003,0.28,0.14,0.13,0.09
S548,Sangli,16.8517,74.6027,7.37,0.015,0.028,0.008,0.035,0.001,0.47,0.09,0.15,0.08
S549,Solapur,17.6416,75.8762,7.06,0.005,0.024,0.005,0.033,0.001,0.43,0.1,0.2,0.05
S550,Sangli,16.826,74.5896,6.95,0.009,0.036,0.004,0.018,0.003,0.26,0.08,0.07,0.09
S551,Satara,17.6418,74.0201,7.23,0.019,0.026,0.002,0.028,0.002,0.24,0.11,0.17,0.08
S552,Nashik,19.9607,73.8557,7.19,0.016,0.034,0.01,0.022,0.002,0.11,0.11,0.15,0.06
S553,Satara,17.6609,73.9568,7.09,0.025,0.022,0.006,0.02,0.002,0.27,0.08,0.11,0.05
S554,Satara,17.692,73.9789,6.9,0.016,0.018,0.009,0.027,0.001,0.22,0.15,0.16,0.04
S555,Aurangabad,19.9094,75.3493,7.06,0.014,0.021,0.006,0.031,0.003,0.2,0.15,0.14,0.07
S556,Nagpur,21.1708,79.0693,7.22,0.002,0.021,0.003,0.023,0.002,0.33,0.12,0.15,0.05
S557,Aurangabad,19.8873,75.347,7.23,0.021,0.026,0.003,0.029,0.002,0.27,0.11,0.17,0.06
S558,Sangli,16.8529,74.5858,6.87,0.01,0.014,0.004,0.041,0.001,0.28,0.11,0.16,0.04
S559,Satara,17.7104,74.0521,6.72,0.011,0.034,0.005,0.014,0.001,0.28,0.07,0.12,0.06
S560,Nagpur,21.1897,79.0795,7.27,0.025,0.036,0.006,0.016,0.002,0.38,0.1,0.21,0.08
S561,Aurangabad,19.8932,75.3759,7.08,0.002,0.023,0.007,0.028,0.002,0.22,0.15,0.21,0.04
S562,Satara,17.6849,73.9979,7.15,0.019,0.032,0.006,0.065,0.001,0.16,0.09,0.08,0.03
S563,Mumbai,19.046,72.85,6.76,0.019,0.022,0.005,0.045,0.001,0.28,0.11,0.06,0.01
S564,Aurangabad,19.8866,75.3581,7.52,0.017,0.032,0.005,0.039,0.003,0.13,0.11,0.23,0.07
S565,Nagpur,21.1953,79.0693,6.99,0.016,0.01,0.003,0.025,0.003,0.37,0.11,0.17,0.06
S566,Aurangabad,19.9123,75.3436,7.01,0.014,0.031,0.004,0.046,0.001,0.21,0.12,0.14,0.05
S567,Kolhapur,16.7317,74.2251,6.95,0.024,0.037,0.008,0.033,0.003,0.22,0.07,0.05,0.09
S568,Kolhapur,16.6791,74.2395,6.77,0.02,0.023,0.002,0.04,0.001,0.23,0.04,0.08,0.06
S569,Sangli,16.7935,74.5371,7.0,0.013,0.04,0.009,0.027,0.002,0.36,0.08,0.08,0.06
S570,Mumbai,19.0708,72.8646,7.11,0.011,0.018,0.005,0.04,0.001,0.37,0.05,0.12,0.05
S571,Nashik,19.9784,73.7728,7.47,0.011,0.043,0.006,0.037,0.002,0.5,0.07,0.1,0.04
S572,Nashik,19.9985,73.738,7.01,0.026,0.027,0.004,0.03,0.003,0.23,0.16,0.22,0.07
S573,Nagpur,21.1455,79.1191,7.27,0.011,0.022,0.002,0.04,0.003,0.19,0.09,0.09,0.04
S574,Solapur,17.6764,75.8844,6.92,0.006,0.027,0.005,0.029,0.002,0.31,0.08,0.08,0.1
S575,Nashik,19.9785,73.7869,7.25,0.037,0.017,0.006,0.029,0.002,0.24,0.07,0.14,0.03
S576,Nagpur,21.1742,79.0899,7.11,0.013,0.023,0.006,0.024,0.002,0.23,0.07,0.06,0.09
S577,Mumbai,19.0554,72.9126,7.27,0.008,0.018,0.01,0.054,0.002,0.32,0.08,0.16,0.05
S578,Solapur,17.5989,75.8668,7.01,0.009,0.026,0.003,0.028,0.003,0.32,0.1,0.18,0.07
S579,Solapur,17.7033,75.8926,6.89,0.008,0.023,0.007,0.049,0.003,0.16,0.13,0.07,0.08
S580,Kolhapur,16.694,74.2644,6.67,0.023,0.016,0.004,0.026,0.001,0.31,0.15,0.25,0.06
S581,Sangli,16.8859,74.5885,7.12,0.014,0.027,0.006,0.03,0.002,0.3,0.12,0.1,0.06
S582,Satara,17.7379,74.0532,7.34,0.016,0.028,0.007,0.052,0.0,0.19,0.14,0.13,0.05
S583,Solapur,17.6223,75.8897,6.65,0.029,0.026,0.005,0.042,0.003,0.38,0.13,0.11,0.05
S584,Pune,18.5435,73.8409,7.0,0.018,0.031,0.001,0.043,0.002,0.36,0.12,0.2,0.09
S585,Nagpur,21.1862,79.1315,7.07,0.016,0.032,0.006,0.033,0.002,0.3,0.07,0.19,0.06
S586,Solapur,17.7214,75.8576,6.86,0.016,0.034,0.006,0.039,0.001,0.21,0.11,0.09,0.05
S587,Solapur,17.6749,75.8769,7.4,0.023,0.015,0.003,0.013,0.001,0.36,0.09,0.16,0.03
S588,Ahmednagar,19.1191,74.7329,7.0,0.015,0.017,0.003,0.046,0.002,0.38,0.11,0.15,0.03
S589,Pune,18.5123,73.8559,7.49,0.02,0.037,0.006,0.029,0.002,0.32,0.07,0.12,0.06
S590,Ahmednagar,19.1434,74.6872,7.3,0.01,0.016,0.007,0.043,0.003,0.36,0.16,0.16,0.06
S591,Solapur,17.6702,75.9437,6.81,0.012,0.024,0.001,0.037,0.0,0.3,0.13,0.12,0.09
S592,Satara,17.6367,74.054,7.17,0.006,0.045,0.005,0.027,0.001,0.28,0.1,0.14,0.05
S593,Pune,18.5394,73.8451,6.52,0.015,0.009,0.006,0.026,0.002,0.41,0.07,0.18,0.05
S594,Kolhapur,16.7576,74.2323,6.79,0.02,0.023,0.003,0.031,0.002,0.41,0.04,0.14,0.07
S595,Aurangabad,19.882,75.3826,6.98,0.015,0.03,0.005,0.032,0.002,0.25,0.08,0.12,0.09
S596,Solapur,17.5633,75.9183,7.01,0.006,0.028,0.006,0.042,0.0,0.41,0.08,0.17,0.07
S597,Solapur,17.6336,75.9262,6.9,0.004,0.034,0.003,0.027,0.002,0.32,0.1,0.16,0.03
S598,Sangli,16.8301,74.578,7.47,0.015,0.034,0.005,0.031,0.002,0.29,0.12,0.19,0.07
S599,Sangli,16.888,74.5526,6.9,0.012,0.028,0.004,0.043,0.001,0.3,0.12,0.06,0.1
S600,Ahmednagar,19.0867,74.6888,7.04,0.016,0.025,0.007,0.043,0.002,0.34,0.1,0.21,0.03
S601,Nagpur,21.15,79.0902,7.2,0.011,0.014,0.005,0.039,0.003,0.2,0.13,0.23,0.05
S602,Satara,17.6418,74.0061,7.0,0.019,0.022,0.008,0.025,0.001,0.39,0.03,0.13,0.12
S603,Nagpur,21.1454,79.0546,6.99,0.016,0.027,0.006,0.026,0.003,0.32,0.12,0.11,0.09
S604,Aurangabad,19.8685,75.3516,6.77,0.01,0.031,0.004,0.027,0.001,0.36,0.08,0.14,0.06
S605,Solapur,17.6024,75.8623,7.08,0.012,0.033,0.007,0.043,0.003,0.29,0.12,0.12,0.11
S606,Satara,17.74,74.0187,7.1,0.024,0.025,0.004,0.045,0.002,0.31,0.07,0.07,0.06
S607,Pune,18.5475,73.8499,7.36,0.012,0.019,0.005,0.035,0.003,0.24,0.14,0.22,0.06
S608,Solapur,17.6974,75.8747,7.27,0.022,0.032,0.005,0.01,0.001,0.25,0.07,0.14,0.05
S609,Kolhapur,16.6803,74.2115,6.82,0.023,0.021,0.004,0.031,0.002,0.34,0.01,0.18,0.09
S610,Solapur,17.6284,75.8772,6.89,0.011,0.028,0.001,0.025,0.003,0.23,0.14,0.15,0.02
S611,Nashik,20.0166,73.7863,6.89,0.017,0.029,0.006,0.048,0.002,0.19,0.09,0.26,0.07
S612,Satara,17.7516,74.0602,7.06,0.018,0.026,0.002,0.036,0.003,0.25,0.11,0.17,0.04
S613,Nashik,19.984,73.7593,6.79,0.008,0.02,0.008,0.027,0.002,0.26,0.14,0.19,0.08
S614,Ahmednagar,19.1044,74.7427,6.7,0.028,0.021,0.006,0.047,0.002,0.38,0.12,0.21,0.05
S615,Sangli,16.8138,74.5663,7.05,0.016,0.023,0.001,0.041,0.004,0.34,0.12,0.16,0.07
S616,Pune,18.5483,73.8686,6.92,0.011,0.024,0.006,0.033,0.002,0.34,0.12,0.19,0.06
S617,Solapur,17.6207,75.896,7.01,0.005,0.036,0.005,0.04,0.003,0.25,0.12,0.14,0.06
S618,Ahmednagar,19.072,74.7996,6.91,0.02,0.013,0.007,0.047,0.002,0.28,0.11,0.23,0.02
S619,Ahmednagar,19.1187,74.7223,7.0,0.015,0.023,0.005,0.025,0.003,0.16,0.12,0.13,0.04
S620,Pune,18.5265,73.81,7.01,0.007,0.029,0.003,0.031,0.002,0.24,0.1,0.08,0.07
S621,Mumbai,19.1289,72.9615,7.02,0.021,0.014,0.008,0.044,0.002,0.4,0.09,0.12,0.07
S622,Solapur,17.628,75.937,6.74,0.01,0.02,0.007,0.03,0.001,0.25,0.1,0.09,0.04
S623,Nashik,20.0608,73.764,6.92,0.014,0.023,0.006,0.045,0.002,0.2,0.14,0.14,0.09
S624,Satara,17.6131,74.0242,7.48,0.014,0.024,0.006,0.03,0.002,0.27,0.08,0.19,0.07
S625,Nashik,20.005,73.8141,6.93,0.011,0.022,0.005,0.025,0.002,0.26,0.16,0.03,0.06
S626,Pune,18.5722,73.8604,7.19,0.017,0.021,0.001,0.038,0.001,0.24,0.09,0.21,0.11
S627,Aurangabad,19.8827,75.3294,6.71,0.019,0.038,0.005,0.012,0.003,0.38,0.05,0.15,0.07
S628,Solapur,17.6577,75.8827,7.25,0.014,0.016,0.001,0.049,0.002,0.31,0.09,0.12,0.04
S629,Kolhapur,16.6921,74.1797,6.82,0.014,0.03,0.005,0.044,0.003,0.38,0.11,0.14,0.04
S630,Nagpur,21.168,79.1386,7.09,0.028,0.015,0.003,0.045,0.002,0.41,0.1,0.11,0.06
S631,Satara,17.6345,73.9844,7.24,0.021,0.029,0.002,0.032,0.001,0.39,0.08,0.1,0.06
S632,Kolhapur,16.6858,74.2878,6.82,0.008,0.011,0.005,0.03,0.001,0.4,0.12,0.14,0.09
S633,Kolhapur,16.7249,74.2186,6.74,0.021,0.029,0.005,0.028,0.002,0.24,0.1,0.2,0.05
S634,Solapur,17.6127,75.8748,7.25,0.018,0.025,0.004,0.041,0.001,0.32,0.08,0.1,0.05
S635,Aurangabad,19.8649,75.3418,7.06,0.002,0.02,0.004,0.051,0.001,0.31,0.14,0.09,0.07
S636,Solapur,17.6358,75.8913,6.8,0.012,0.045,0.007,0.047,0.002,0.17,0.11,0.18,0.04
S637,Aurangabad,19.9052,75.3644,7.46,0.013,0.018,0.004,0.05,0.001,0.13,0.1,0.12,0.06
S638,Mumbai,19.1044,72.8611,6.53,0.028,0.019,0.003,0.047,0.002,0.29,0.11,0.18,0.05
S639,Satara,17.7261,73.9542,7.19,0.011,0.036,0.005,0.029,0.003,0.37,0.12,0.1,0.05
S640,Pune,18.5203,73.8555,7.19,0.004,0.028,0.004,0.028,0.001,0.28,0.01,0.11,0.04
S641,Sangli,16.8684,74.5573,6.95,0.025,0.033,0.007,0.031,0.002,0.28,0.09,0.16,0.05
S642,Pune,18.5652,73.8519,7.15,0.025,0.033,0.002,0.04,0.003,0.37,0.07,0.11,0.08
S643,Kolhapur,16.6821,74.2343,7.39,0.016,0.021,0.003,0.039,0.001,0.28,0.11,0.19,0.07
S644,Nagpur,21.1244,79.1236,6.93,0.009,0.025,0.008,0.038,0.002,0.43,0.06,0.09,0.03
S645,Mumbai,19.0872,72.8827,7.39,0.017,0.023,0.005,0.037,0.001,0.52,0.12,0.15,0.07
S646,Pune,18.5417,73.8525,6.84,0.02,0.029,0.003,0.05,0.002,0.36,0.14,0.14,0.07
S647,Pune,18.5447,73.835,7.01,0.017,0.019,0.01,0.022,0.001,0.41,0.12,0.1,0.07
S648,Nagpur,21.1898,79.0873,7.65,0.006,0.031,0.007,0.045,0.002,0.28,0.11,0.17,0.07
S649,Nagpur,21.177,79.0576,6.94,0.01,0.023,0.007,0.037,0.004,0.32,0.1,0.14,0.05
S650,Pune,18.5187,73.8905,7.03,0.011,0.02,0.004,0.037,0.003,0.19,0.09,0.15,0.02
S651,Ahmednagar,19.0702,74.7292,6.8,0.017,0.025,0.004,0.04,0.003,0.43,0.04,0.16,0.06
S652,Nashik,20.0022,73.7779,7.03,0.017,0.022,0.003,0.032,0.002,0.35,0.13,0.12,0.07
S653,Nagpur,21.1747,79.1232,6.99,0.015,0.027,0.003,0.034,0.003,0.35,0.09,0.15,0.04
S654,Nashik,20.0186,73.7875,6.93,0.014,0.026,0.004,0.043,0.002,0.43,0.14,0.1,0.06
S655,Satara,17.661,74.0085,7.5,0.014,0.029,0.006,0.026,0.001,0.2,0.07,0.03,0.07
S656,Mumbai,19.1376,72.8821,6.65,0.012,0.023,0.003,0.045,0.003,0.21,0.12,0.2,0.1
S657,Ahmednagar,19.1812,74.7225,7.71,0.014,0.022,0.006,0.03,0.002,0.19,0.09,0.19,0.06
S658,Nagpur,21.15,79.1025,7.29,0.006,0.03,0.004,0.038,0.003,0.2,0.07,0.06,0.05
S659,Satara,17.7204,74.0147,6.66,0.013,0.016,0.003,0.04,0.001,0.39,0.1,0.14,0.05
S660,Aurangabad,19.8994,75.3668,7.08,0.019,0.025,0.006,0.033,0.002,0.28,0.09,0.11,0.07
S661,Kolhapur,16.7443,74.2784,6.69,0.024,0.024,0.006,0.027,0.002,0.33,0.06,0.16,0.09
S662,Nashik,19.9923,73.8306,6.95,0.021,0.01,0.01,0.051,0.002,0.14,0.11,0.08,0.07
S663,Ahmednagar,19.1075,74.7214,7.28,0.021,0.033,0.005,0.022,0.003,0.28,0.06,0.19,0.1
S664,Ahmednagar,19.094,74.8144,7.02,0.014,0.022,0.008,0.028,0.003,0.26,0.09,0.18,0.05
S665,Mumbai,19.0639,72.9117,7.4,0.02,0.021,0.004,0.037,0.002,0.22,0.12,0.14,0.03
S666,Nashik,19.9696,73.7747,6.98,0.027,0.028,0.003,0.038,0.002,0.33,0.12,0.19,0.06
S667,Aurangabad,19.9254,75.3705,6.82,0.029,0.028,0.003,0.053,0.004,0.3,0.08,0.13,0.07
S668,Mumbai,19.1143,72.8948,7.03,0.025,0.024,0.007,0.033,0.002,0.29,0.1,0.12,0.09
S669,Ahmednagar,19.0732,74.7274,7.53,0.022,0.009,0.004,0.018,0.001,0.05,0.1,0.09,0.06
S670,Pune,18.4716,73.8592,6.9,0.025,0.036,0.007,0.033,0.004,0.18,0.06,0.14,0.11
S671,Aurangabad,19.8701,75.3378,6.64,0.022,0.033,0.007,0.03,0.001,0.2,0.1,0.1,0.04
S672,Ahmednagar,19.0825,74.7349,6.87,0.019,0.027,0.004,0.038,0.001,0.31,0.1,0.08,0.08
S673,Solapur,17.6335,75.9091,7.29,0.022,0.026,0.004,0.045,0.003,0.25,0.08,0.06,0.06
S674,Solapur,17.6574,75.9405,7.09,0.024,0.021,0.007,0.031,0.003,0.18,0.11,0.06,0.05
S675,Nagpur,21.159,79.0726,6.74,0.021,0.025,0.004,0.036,0.004,0.39,0.13,0.16,0.06
S676,Mumbai,19.0041,72.8573,6.88,0.005,0.018,0.001,0.036,0.003,0.39,0.11,0.1,0.02
S677,Ahmednagar,19.0425,74.7115,6.78,0.015,0.019,0.006,0.034,0.002,0.39,0.06,0.16,0.06
S678,Nagpur,21.1358,79.1148,7.22,0.01,0.025,0.006,0.033,0.002,0.32,0.15,0.08,0.06
S679,Mumbai,19.0487,72.8958,6.6,0.018,0.022,0.004,0.022,0.002,0.39,0.1,0.17,0.09
S680,Aurangabad,19.8841,75.3265,7.12,0.013,0.022,0.002,0.045,0.002,0.31,0.07,0.16,0.04
S681,Ahmednagar,19.0909,74.7759,7.2,0.016,0.014,0.011,0.053,0.003,0.24,0.1,0.12,0.09
S682,Mumbai,19.0839,72.8542,6.88,0.023,0.037,0.008,0.044,0.002,0.05,0.11,0.14,0.06
S683,Ahmednagar,19.0968,74.7098,7.14,0.02,0.031,0.007,0.042,0.002,0.29,0.1,0.14,0.08
S684,Pune,18.5397,73.919,7.55,0.016,0.005,0.007,0.031,0.001,0.27,0.09,0.16,0.03
S685,Kolhapur,16.6727,74.2536,7.16,0.02,0.02,0.003,0.031,0.002,0.42,0.04,0.13,0.03
S686,Sangli,16.8028,74.6105,7.14,0.019,0.032,0.004,0.032,0.004,0.28,0.12,0.14,0.02
S687,Solapur,17.5986,75.889,7.26,0.021,0.032,0.003,0.052,0.001,0.32,0.1,0.13,0.09
S688,Kolhapur,16.6838,74.2028,7.0,0.014,0.05,0.006,0.032,0.001,0.15,0.07,0.14,0.09
S689,Mumbai,19.1097,72.8846,6.92,0.018,0.022,0.008,0.034,0.002,0.12,0.09,0.17,0.04
S690,Sangli,16.8299,74.6053,6.63,0.022,0.022,0.004,0.025,0.002,0.5,0.12,0.11,0.08
S691,Kolhapur,16.6955,74.2845,7.2,0.002,0.019,0.007,0.038,0.001,0.25,0.04,0.14,0.1
S692,Pune,18.5445,73.9224,7.22,0.022,0.04,0.006,0.034,0.003,0.42,0.09,0.11,0.06
S693,Solapur,17.6848,75.9303,6.64,0.027,0.022,0.004,0.027,0.004,0.32,0.07,0.17,0.08
S694,Satara,17.6749,74.0435,6.79,0.013,0.012,0.002,0.054,0.003,0.31,0.15,0.13,0.06
S695,Mumbai,19.0777,72.874,6.95,0.023,0.027,0.006,0.046,0.002,0.22,0.06,0.15,0.06
S696,Solapur,17.6625,75.9059,7.65,0.008,0.012,0.006,0.032,0.002,0.35,0.14,0.08,0.05
S697,Kolhapur,16.7179,74.2664,7.55,0.022,0.026,0.003,0.03,0.002,0.35,0.11,0.09,0.05
S698,Satara,17.7068,74.0288,7.14,0.018,0.037,0.005,0.032,0.001,0.32,0.03,0.13,0.06
S699,Nashik,19.9566,73.762,7.2,0.017,0.027,0.006,0.037,0.003,0.31,0.06,0.21,0.07
S700,Solapur,17.6422,75.8688,7.1,0.015,0.037,0.004,0.028,0.003,0.37,0.11,0.17,0.06
S701,Nashik,20.0045,73.8247,7.16,0.015,0.035,0.001,0.057,0.001,0.25,0.1,0.13,0.08
S702,Sangli,16.8207,74.5893,6.86,0.018,0.026,0.005,0.031,0.002,0.32,0.13,0.12,0.04
S703,Aurangabad,19.8946,75.3423,7.21,0.011,0.014,0.004,0.028,0.002,0.25,0.12,0.13,0.06
S704,Ahmednagar,19.0999,74.7554,6.99,0.019,0.02,0.008,0.034,0.001,0.32,0.07,0.17,0.1
S705,Sangli,16.8288,74.5915,6.56,0.019,0.02,0.004,0.025,0.003,0.38,0.1,0.11,0.09
S706,Satara,17.658,73.9534,7.11,0.009,0.033,0.004,0.042,0.003,0.2,0.08,0.14,0.09
S707,Satara,17.6607,74.0005,7.12,0.013,0.027,0.002,0.058,0.001,0.27,0.1,0.22,0.03
S708,Solapur,17.7194,75.9291,7.1,0.01,0.03,0.004,0.049,0.001,0.29,0.08,0.1,0.07
S709,Ahmednagar,19.1113,74.7859,6.56,0.022,0.044,0.004,0.055,0.002,0.19,0.09,0.18,0.04
S710,Aurangabad,19.8582,75.3611,7.0,0.02,0.028,0.006,0.032,0.002,0.23,0.14,0.11,0.08
S711,Kolhapur,16.698,74.2494,6.88,0.01,0.014,0.003,0.033,0.002,0.38,0.09,0.1,0.03
S712,Nagpur,21.1602,79.1297,7.32,0.02,0.03,0.008,0.039,0.003,0.27,0.06,0.11,0.06
S713,Mumbai,19.0778,72.9355,7.02,0.023,0.023,0.004,0.023,0.001,0.34,0.1,0.18,0.06
S714,Aurangabad,19.8656,75.4077,6.98,0.023,0.023,0.006,0.045,0.002,0.11,0.1,0.19,0.07
S715,Satara,17.6939,73.9666,6.82,0.018,0.029,0.007,0.035,0.002,0.3,0.07,0.05,0.07
S716,Nagpur,21.151,79.0697,6.6,0.02,0.024,0.006,0.055,0.0,0.24,0.09,0.2,0.03
S717,Satara,17.7386,74.0224,6.98,0.015,0.023,0.007,0.025,0.002,0.27,0.08,0.24,0.07
S718,Ahmednagar,19.1136,74.7837,6.64,0.027,0.008,0.003,0.031,0.002,0.32,0.09,0.14,0.04
S719,Ahmednagar,19.0503,74.7714,7.17,0.026,0.02,0.006,0.033,0.003,0.38,0.11,0.13,0.08
S720,Solapur,17.6793,75.8859,6.67,0.014,0.037,0.007,0.025,0.001,0.4,0.07,0.16,0.05
S721,Kolhapur,16.7535,74.2202,7.29,0.017,0.028,0.001,0.014,0.002,0.32,0.07,0.1,0.07
S722,Pune,18.5373,73.8526,7.2,0.009,0.024,0.008,0.037,0.002,0.48,0.06,0.17,0.09
S723,Satara,17.6708,74.0441,6.75,0.012,0.029,0.007,0.047,0.003,0.29,0.14,0.13,0.08
S724,Kolhapur,16.7112,74.2567,7.11,0.006,0.018,0.005,0.019,0.003,0.37,0.11,0.1,0.09
S725,Nashik,20.0586,73.7942,7.13,0.017,0.03,0.005,0.036,0.003,0.49,0.06,0.14,0.04
S726,Satara,17.7283,74.0007,6.64,0.02,0.038,0.006,0.038,0.002,0.41,0.07,0.14,0.05
S727,Nagpur,21.1108,79.0783,7.28,0.019,0.031,0.005,0.041,0.001,0.28,0.11,0.15,0.07
S728,Kolhapur,16.7008,74.232,7.79,0.021,0.029,0.005,0.031,0.002,0.32,0.04,0.08,0.05
S729,Aurangabad,19.8824,75.3361,7.37,0.007,0.021,0.008,0.037,0.003,0.46,0.08,0.14,0.05
S730,Kolhapur,16.6464,74.234,7.22,0.019,0.03,0.004,0.029,0.003,0.26,0.11,0.15,0.09
S731,Aurangabad,19.9053,75.3044,6.7,0.019,0.026,0.004,0.046,0.002,0.3,0.12,0.12,0.09
S732,Ahmednagar,19.0716,74.7693,7.36,0.008,0.024,0.007,0.048,0.002,0.24,0.13,0.19,0.04
S733,Aurangabad,19.8401,75.3501,7.16,0.014,0.031,0.004,0.015,0.002,0.31,0.09,0.09,0.02
S734,Sangli,16.837,74.6084,7.31,0.023,0.02,0.003,0.041,0.003,0.33,0.04,0.11,0.06
S735,Pune,18.535,73.8797,7.04,0.018,0.027,0.006,0.039,0.002,0.28,0.1,0.16,0.07
S736,Sangli,16.8638,74.6218,7.07,0.012,0.032,0.002,0.025,0.002,0.34,0.06,0.12,0.05
S737,Nagpur,21.1312,79.1165,7.18,0.016,0.022,0.002,0.05,0.002,0.24,0.12,0.14,0.05
S738,Mumbai,19.0891,72.8555,6.91,0.017,0.023,0.006,0.055,0.001,0.17,0.04,0.13,0.05
S739,Nagpur,21.152,79.0922,6.6,0.005,0.028,0.005,0.032,0.001,0.34,0.14,0.15,0.04
S740,Solapur,17.6612,75.8654,7.26,0.016,0.014,0.004,0.041,0.002,0.28,0.06,0.16,0.05
S741,Satara,17.6158,74.0072,7.25,0.014,0.038,0.006,0.039,0.002,0.29,0.09,0.13,0.07
S742,Sangli,16.8243,74.5492,6.72,0.028,0.03,0.006,0.025,0.002,0.29,0.11,0.1,0.06
S743,Nagpur,21.1331,79.0652,7.18,0.007,0.03,0.006,0.027,0.001,0.28,0.11,0.13,0.07
S744,Satara,17.7334,74.0031,6.57,0.021,0.038,0.006,0.025,0.002,0.21,0.12,0.09,0.05
S745,Satara,17.6504,74.0221,6.91,0.017,0.026,0.003,0.042,0.002,0.22,0.17,0.16,0.06
S746,Satara,17.723,74.0736,6.96,0.018,0.019,0.005,0.034,0.002,0.33,0.12,0.15,0.04
S747,Pune,18.4922,73.8403,6.93,0.022,0.018,0.004,0.046,0.002,0.34,0.1,0.15,0.06
S748,Mumbai,19.096,72.8313,6.91,0.018,0.03,0.008,0.032,0.003,0.25,0.14,0.17,0.04
S749,Aurangabad,19.8854,75.3418,7.16,0.015,0.024,0.008,0.035,0.003,0.28,0.15,0.11,0.05
S750,Nagpur,21.1915,79.0749,7.4,0.021,0.025,0.001,0.036,0.002,0.39,0.15,0.11,0.08
S751,Solapur,17.6829,75.9386,7.12,0.004,0.025,0.003,0.034,0.003,0.32,0.13,0.15,0.03
S752,Nagpur,21.0702,79.0927,6.95,0.01,0.014,0.004,0.034,0.003,0.32,0.15,0.1,0.08
S753,Aurangabad,19.8776,75.3641,6.89,0.022,0.028,0.004,0.036,0.002,0.34,0.06,0.14,0.07
S754,Ahmednagar,19.0962,74.79,7.19,0.016,0.028,0.006,0.04,0.001,0.28,0.06,0.19,0.06
S755,Kolhapur,16.6992,74.2702,7.11,0.009,0.026,0.004,0.019,0.001,0.29,0.1,0.08,0.08
S756,Satara,17.6774,74.0194,7.1,0.011,0.029,0.004,0.027,0.002,0.42,0.12,0.18,0.05
S757,Sangli,16.8045,74.6262,7.51,0.025,0.024,0.003,0.025,0.001,0.29,0.15,0.13,0.07
S758,Sangli,16.8937,74.5694,7.51,0.028,0.025,0.004,0.043,0.002,0.21,0.14,0.19,0.06
S759,Kolhapur,16.6671,74.2064,7.03,0.013,0.024,0.007,0.043,0.003,0.22,0.09,0.17,0.07
S760,Solapur,17.7059,75.919,7.46,0.019,0.033,0.004,0.036,0.003,0.43,0.12,0.14,0.09
S761,Sangli,16.7866,74.5388,7.17,0.016,0.03,0.005,0.042,0.001,0.35,0.13,0.19,0.1
S762,Kolhapur,16.7123,74.2515,6.62,0.013,0.025,0.007,0.03,0.003,0.3,0.09,0.15,0.05
S763,Kolhapur,16.6921,74.1922,6.94,0.013,0.022,0.006,0.043,0.002,0.38,0.12,0.13,0.05
S764,Satara,17.6899,74.0355,7.35,0.023,0.022,0.005,0.043,0.003,0.38,0.1,0.09,0.04
S765,Aurangabad,19.8844,75.3536,6.73,0.016,0.03,0.003,0.047,0.002,0.4,0.08,0.1,0.05
S766,Aurangabad,19.8733,75.3316,6.95,0.018,0.025,0.005,0.019,0.002,0.29,0.15,0.1,0.02
S767,Aurangabad,19.8947,75.3537,6.75,0.007,0.037,0.008,0.011,0.002,0.43,0.09,0.12,0.05
S768,Nagpur,21.1122,79.0371,7.26,0.005,0.028,0.007,0.021,0.001,0.4,0.12,0.12,0.08
S769,Mumbai,19.1122,72.8858,6.77,0.014,0.028,0.005,0.045,0.001,0.18,0.11,0.12,0.05
S770,Nagpur,21.0928,79.0888,6.99,0.02,0.026,0.005,0.048,0.001,0.34,0.05,0.11,0.04
S771,Kolhapur,16.7285,74.2413,7.0,0.009,0.024,0.003,0.04,0.001,0.41,0.05,0.11,0.09
S772,Mumbai,19.0629,72.8383,7.05,0.013,0.02,0.003,0.064,0.002,0.15,0.14,0.16,0.04
S773,Sangli,16.8244,74.6017,6.94,0.004,0.039,0.004,0.051,0.003,0.22,0.13,0.11,0.02
S774,Nashik,19.9848,73.8017,6.88,0.014,0.034,0.005,0.028,0.003,0.32,0.02,0.16,0.07
S775,Nagpur,21.1464,79.115,6.83,0.018,0.015,0.006,0.056,0.001,0.24,0.08,0.15,0.04
S776,Nagpur,21.1584,79.1136,7.13,0.005,0.033,0.007,0.044,0.002,0.32,0.13,0.22,0.04
S777,Satara,17.7128,74.0157,6.97,0.007,0.024,0.003,0.031,0.001,0.26,0.09,0.14,0.03
S778,Aurangabad,19.8328,75.3542,6.8,0.022,0.028,0.006,0.05,0.002,0.25,0.13,0.16,0.06
S779,Ahmednagar,19.1369,74.7432,7.01,0.016,0.019,0.005,0.05,0.002,0.3,0.1,0.15,0.07
S780,Sangli,16.8707,74.5715,7.08,0.019,0.019,0.005,0.014,0.002,0.35,0.12,0.12,0.07
S781,Ahmednagar,19.1379,74.792,6.99,0.017,0.034,0.002,0.033,0.003,0.38,0.11,0.08,0.06
S782,Aurangabad,19.8585,75.3532,6.8,0.01,0.012,0.007,0.032,0.002,0.3,0.07,0.09,0.04
S783,Mumbai,19.0543,72.8887,6.8,0.026,0.033,0.007,0.035,0.003,0.28,0.1,0.15,0.07
S784,Nagpur,21.1649,79.0739,6.87,0.02,0.031,0.004,0.02,0.002,0.35,0.15,0.09,0.05
S785,Aurangabad,19.8645,75.384,6.99,0.011,0.03,0.004,0.024,0.001,0.44,0.11,0.14,0.06
S786,Nagpur,21.1546,79.0966,7.07,0.017,0.032,0.005,0.026,0.002,0.14,0.16,0.17,0.04
S787,Kolhapur,16.6965,74.2242,7.39,0.007,0.027,0.005,0.044,0.002,0.16,0.09,0.1,0.06
S788,Nashik,20.0405,73.7376,6.8,0.013,0.023,0.006,0.034,0.002,0.25,0.11,0.17,0.05
S789,Aurangabad,19.8996,75.3449,7.26,0.015,0.029,0.005,0.035,0.002,0.34,0.06,0.2,0.02
S790,Pune,18.4999,73.8539,7.1,0.025,0.013,0.004,0.015,0.002,0.32,0.15,0.14,0.08
S791,Sangli,16.8699,74.5684,6.65,0.018,0.016,0.008,0.034,0.003,0.26,0.11,0.15,0.06
S792,Nashik,19.9845,73.8016,6.77,0.009,0.035,0.006,0.037,0.003,0.28,0.14,0.15,0.04
S793,Aurangabad,19.9316,75.373,6.97,0.02,0.023,0.007,0.012,0.001,0.38,0.09,0.15,0.03
S794,Pune,18.5758,73.8924,6.95,0.014,0.033,0.009,0.046,0.004,0.23,0.08,0.09,0.07
S795,Pune,18.5257,73.8521,7.2,0.023,0.015,0.004,0.044,0.002,0.24,0.13,0.09,0.05
S796,Sangli,16.8623,74.5643,7.2,0.013,0.036,0.005,0.043,0.003,0.25,0.04,0.15,0.06
S797,Aurangabad,19.8929,75.3365,6.89,0.028,0.016,0.006,0.03,0.002,0.27,0.08,0.16,0.09
S798,Nashik,20.0116,73.7929,6.75,0.019,0.041,0.004,0.032,0.002,0.26,0.02,0.16,0.04
S799,Satara,17.6322,74.0409,6.73,0.014,0.036,0.002,0.021,0.002,0.39,0.05,0.16,0.07
S800,Mumbai,19.0142,72.9017,7.22,0.014,0.035,0.007,0.037,0.002,0.22,0.1,0.16,0.05
S801,Pune,18.4545,73.8948,7.05,0.014,0.032,0.008,0.01,0.002,0.19,0.11,0.15,0.07
S802,Ahmednagar,19.0802,74.6934,6.89,0.018,0.033,0.003,0.046,0.001,0.33,0.08,0.15,0.08
S803,Aurangabad,19.8394,75.3229,7.05,0.03,0.02,0.009,0.056,0.002,0.28,0.08,0.14,0.03
S804,Satara,17.6782,74.0632,6.85,0.015,0.014,0.006,0.039,0.002,0.28,0.09,0.16,0.06
S805,Satara,17.6899,74.0247,7.28,0.02,0.027,0.008,0.04,0.003,0.35,0.04,0.19,0.06
S806,Satara,17.6789,74.0267,6.91,0.017,0.022,0.008,0.035,0.002,0.23,0.11,0.15,0.07
S807,Kolhapur,16.6742,74.1953,7.16,0.025,0.019,0.008,0.039,0.002,0.27,0.06,0.18,0.04
S808,Nashik,19.9741,73.8196,6.53,0.007,0.026,0.006,0.041,0.002,0.5,0.09,0.13,0.04
S809,Pune,18.5241,73.8751,7.3,0.007,0.024,0.006,0.042,0.002,0.34,0.08,0.2,0.08
S810,Aurangabad,19.8359,75.311,6.74,0.02,0.017,0.004,0.041,0.002,0.32,0.07,0.16,0.05
S811,Satara,17.6708,74.0254,7.03,0.016,0.021,0.004,0.036,0.001,0.26,0.11,0.09,0.08
S812,Mumbai,19.1141,72.8403,7.34,0.015,0.029,0.004,0.045,0.002,0.23,0.07,0.08,0.06
S813,Mumbai,19.0932,72.8972,6.97,0.009,0.021,0.007,0.031,0.002,0.21,0.11,0.12,0.08
S814,Solapur,17.6831,75.8915,6.97,0.013,0.016,0.003,0.038,0.002,0.31,0.09,0.18,0.06
S815,Satara,17.7016,73.9651,6.5,0.018,0.016,0.005,0.033,0.003,0.33,0.1,0.17,0.07
S816,Mumbai,19.0623,72.9098,6.72,0.018,0.015,0.005,0.038,0.003,0.17,0.08,0.17,0.07
S817,Ahmednagar,19.1006,74.7209,6.85,0.023,0.026,0.006,0.035,0.001,0.37,0.12,0.23,0.04
S818,Pune,18.5451,73.8174,7.04,0.022,0.011,0.005,0.03,0.001,0.33,0.13,0.13,0.06
S819,Nashik,20.0009,73.7899,6.73,0.023,0.028,0.006,0.028,0.002,0.29,0.05,0.07,0.05
S820,Nashik,20.0132,73.7702,6.75,0.011,0.023,0.004,0.058,0.003,0.38,0.14,0.1,0.04
S821,Ahmednagar,19.062,74.7896,6.86,0.008,0.023,0.005,0.039,0.002,0.23,0.12,0.11,0.06
S822,Aurangabad,19.8968,75.324,6.86,0.02,0.02,0.004,0.042,0.004,0.35,0.11,0.16,0.04
S823,Mumbai,19.0795,72.8768,7.08,0.017,0.029,0.004,0.037,0.001,0.27,0.14,0.15,0.06
S824,Nagpur,21.2027,79.0474,6.72,0.026,0.026,0.005,0.024,0.002,0.34,0.07,0.13,0.05
S825,Mumbai,19.0837,72.8441,7.31,0.021,0.023,0.005,0.035,0.001,0.26,0.09,0.2,0.08
S826,Sangli,16.8804,74.5926,6.72,0.016,0.033,0.002,0.042,0.004,0.38,0.14,0.15,0.08
S827,Solapur,17.6384,75.9303,7.16,0.018,0.035,0.004,0.034,0.002,0.22,0.11,0.07,0.08
S828,Ahmednagar,19.0966,74.734,6.79,0.015,0.031,0.006,0.029,0.001,0.35,0.08,0.14,0.06
S829,Ahmednagar,19.1046,74.7753,6.68,0.005,0.022,0.009,0.056,0.003,0.28,0.05,0.05,0.05
S830,Ahmednagar,19.0893,74.7886,7.22,0.017,0.02,0.003,0.039,0.003,0.33,0.07,0.17,0.07
S831,Nagpur,21.1137,79.0647,7.17,0.015,0.037,0.006,0.031,0.002,0.31,0.08,0.1,0.07
S832,Sangli,16.8778,74.5996,7.38,0.013,0.038,0.003,0.026,0.001,0.26,0.08,0.16,0.06
S833,Solapur,17.6241,75.8946,6.91,0.005,0.019,0.003,0.05,0.002,0.35,0.06,0.19,0.09
S834,Satara,17.6205,73.9971,7.12,0.02,0.021,0.004,0.03,0.002,0.4,0.08,0.18,0.04
S835,Satara,17.6551,74.0429,7.23,0.021,0.017,0.004,0.044,0.002,0.21,0.11,0.11,0.1
S836,Aurangabad,19.9225,75.3614,7.34,0.016,0.031,0.008,0.038,0.002,0.16,0.1,0.17,0.08
S837,Ahmednagar,19.1103,74.7334,6.51,0.013,0.024,0.004,0.042,0.004,0.31,0.09,0.13,0.06
S838,Solapur,17.6351,75.91,7.11,0.017,0.029,0.006,0.018,0.003,0.25,0.07,0.1,0.07
S839,Aurangabad,19.8695,75.2928,7.12,0.007,0.027,0.005,0.045,0.003,0.19,0.1,0.13,0.07
S840,Ahmednagar,19.1017,74.739,6.89,0.009,0.033,0.006,0.045,0.002,0.25,0.07,0.15,0.04
S841,Ahmednagar,19.1507,74.7104,7.07,0.025,0.03,0.005,0.026,0.001,0.36,0.15,0.12,0.04
S842,Pune,18.4467,73.8273,6.97,0.026,0.031,0.006,0.032,0.002,0.41,0.11,0.06,0.05
S843,Ahmednagar,19.0695,74.7332,7.14,0.015,0.025,0.008,0.029,0.003,0.25,0.1,0.13,0.06
S844,Mumbai,19.0893,72.8907,6.81,0.009,0.044,0.004,0.043,0.001,0.28,0.1,0.16,0.01
S845,Nagpur,21.1508,79.0537,7.08,0.01,0.02,0.004,0.025,0.002,0.2,0.05,0.18,0.03
S846,Nagpur,21.1404,79.1108,6.85,0.011,0.028,0.007,0.024,0.002,0.16,0.09,0.14,0.04
S847,Aurangabad,19.8625,75.3011,7.02,0.022,0.018,0.004,0.041,0.003,0.18,0.09,0.15,0.06
S848,Mumbai,19.0017,72.8927,7.38,0.017,0.019,0.004,0.054,0.003,0.35,0.11,0.11,0.06
S849,Nashik,19.9952,73.8063,7.38,0.023,0.016,0.005,0.043,0.002,0.25,0.19,0.09,0.04
S850,Nagpur,21.1528,79.1517,6.79,0.014,0.034,0.005,0.033,0.002,0.32,0.13,0.19,0.07
S851,Nashik,20.0063,73.7962,7.12,0.016,0.026,0.007,0.051,0.001,0.3,0.08,0.13,0.07
S852,Sangli,16.8725,74.5781,6.52,0.01,0.032,0.001,0.048,0.002,0.41,0.09,0.06,0.07
S853,Mumbai,19.1142,72.9054,6.83,0.017,0.022,0.003,0.046,0.001,0.23,0.07,0.08,0.06
S854,Nashik,20.0323,73.7843,6.62,0.021,0.038,0.004,0.031,0.002,0.43,0.08,0.09,0.07
S855,Pune,18.5444,73.8569,6.86,0.022,0.03,0.003,0.036,0.001,0.35,0.09,0.12,0.06
S856,Solapur,17.6611,75.9332,7.15,0.015,0.031,0.006,0.032,0.002,0.29,0.12,0.13,0.05
S857,Satara,17.7396,74.0465,6.81,0.019,0.027,0.006,0.037,0.003,0.33,0.1,0.18,0.06
S858,Ahmednagar,19.0988,74.759,6.98,0.016,0.022,0.003,0.026,0.001,0.23,0.09,0.14,0.05
S859,Satara,17.6098,74.0655,7.27,0.019,0.039,0.003,0.055,0.001,0.32,0.06,0.14,0.07
S860,Aurangabad,19.8716,75.3647,7.02,0.013,0.022,0.007,0.029,0.003,0.4,0.05,0.19,0.1
S861,Pune,18.528,73.8747,7.26,0.014,0.027,0.002,0.037,0.002,0.34,0.13,0.11,0.05
S862,Nagpur,21.2027,79.0837,7.05,0.016,0.02,0.008,0.031,0.001,0.26,0.04,0.11,0.04
S863,Aurangabad,19.8947,75.3231,7.22,0.024,0.031,0.005,0.037,0.001,0.29,0.07,0.17,0.11
S864,Aurangabad,19.8912,75.2836,6.91,0.017,0.027,0.004,0.038,0.001,0.22,0.12,0.1,0.07
S865,Satara,17.6394,74.0712,6.81,0.015,0.028,0.004,0.037,0.002,0.38,0.12,0.13,0.06
S866,Mumbai,19.1465,72.9062,6.77,0.017,0.024,0.005,0.024,0.002,0.44,0.12,0.04,0.08
S867,Nagpur,21.1785,79.0774,7.18,0.011,0.023,0.008,0.033,0.001,0.29,0.1,0.19,0.06
S868,Aurangabad,19.8636,75.3747,7.03,0.011,0.034,0.005,0.036,0.002,0.21,0.08,0.14,0.06
S869,Ahmednagar,19.1334,74.7561,7.21,0.016,0.033,0.006,0.036,0.002,0.22,0.12,0.14,0.05
S870,Nagpur,21.179,79.0507,6.89,0.022,0.028,0.005,0.039,0.002,0.18,0.09,0.2,0.05
S871,Solapur,17.6504,75.8902,6.98,0.013,0.029,0.005,0.044,0.001,0.27,0.09,0.16,0.04
S872,Mumbai,19.1035,72.9133,6.75,0.013,0.022,0.01,0.032,0.003,0.2,0.07,0.11,0.04
S873,Sangli,16.8444,74.5602,6.8,0.023,0.035,0.007,0.041,0.002,0.26,0.07,0.15,0.04
S874,Nagpur,21.116,79.1228,7.48,0.018,0.034,0.005,0.023,0.002,0.35,0.1,0.13,0.08
S875,Nashik,19.9679,73.7666,6.75,0.017,0.018,0.004,0.029,0.002,0.18,0.1,0.19,0.06
S876,Aurangabad,19.9224,75.3833,7.19,0.016,0.026,0.007,0.032,0.0,0.34,0.07,0.1,0.06
S877,Nashik,19.9946,73.7474,7.04,0.022,0.018,0.008,0.02,0.004,0.27,0.1,0.06,0.06
S878,Mumbai,19.0829,72.8751,6.86,0.01,0.034,0.005,0.051,0.002,0.27,0.12,0.08,0.04
S879,Pune,18.5533,73.8215,6.55,0.027,0.016,0.005,0.037,0.0,0.28,0.11,0.15,0.08
S880,Nashik,19.9859,73.8112,6.83,0.008,0.017,0.002,0.046,0.001,0.32,0.09,0.14,0.09
S881,Aurangabad,19.863,75.3616,7.01,0.015,0.042,0.002,0.049,0.003,0.26,0.15,0.07,0.05
S882,Ahmednagar,19.0589,74.762,6.72,0.019,0.025,0.004,0.04,0.002,0.21,0.18,0.12,0.02
S883,Ahmednagar,19.0699,74.7116,7.21,0.018,0.029,0.004,0.033,0.002,0.29,0.13,0.15,0.07
S884,Aurangabad,19.8912,75.3698,7.07,0.018,0.034,0.004,0.027,0.001,0.31,0.04,0.16,0.06
S885,Satara,17.7145,73.9981,6.95,0.023,0.036,0.004,0.038,0.002,0.33,0.09,0.19,0.02
S886,Mumbai,19.0634,72.8911,7.11,0.024,0.034,0.004,0.049,0.001,0.37,0.15,0.19,0.06
S887,Satara,17.6705,73.9724,7.08,0.009,0.02,0.003,0.031,0.002,0.32,0.08,0.18,0.06
S888,Aurangabad,19.8526,75.3501,7.49,0.018,0.023,0.002,0.034,0.002,0.27,0.05,0.11,0.09
S889,Solapur,17.7029,75.8798,7.17,0.009,0.036,0.005,0.045,0.001,0.35,0.1,0.17,0.08
S890,Aurangabad,19.8782,75.3253,7.19,0.016,0.02,0.003,0.021,0.002,0.39,0.11,0.12,0.08
S891,Sangli,16.8274,74.5844,6.96,0.021,0.015,0.003,0.02,0.002,0.4,0.08,0.12,0.08
S892,Sangli,16.8845,74.5788,7.17,0.01,0.036,0.009,0.041,0.0,0.26,0.12,0.12,0.09
S893,Satara,17.6981,73.9971,7.01,0.011,0.025,0.004,0.048,0.004,0.19,0.04,0.13,0.03
S894,Satara,17.6819,74.0408,7.37,0.017,0.025,0.001,0.036,0.002,0.35,0.08,0.12,0.03
S895,Mumbai,19.0073,72.8444,6.61,0.018,0.022,0.004,0.026,0.0,0.42,0.07,0.12,0.03
S896,Ahmednagar,19.1244,74.7539,6.79,0.014,0.038,0.005,0.034,0.001,0.15,0.1,0.15,0.08
S897,Pune,18.4529,73.8229,6.85,0.016,0.025,0.005,0.04,0.001,0.37,0.11,0.13,0.09
S898,Solapur,17.7066,75.9344,6.5,0.025,0.032,0.009,0.048,0.003,0.37,0.14,0.22,0.06
S899,Kolhapur,16.6578,74.2341,7.1,0.016,0.017,0.002,0.029,0.003,0.43,0.13,0.18,0.06
S900,Ahmednagar,19.0429,74.7359,6.94,0.013,0.026,0.006,0.045,0.002,0.15,0.09,0.14,0.08
S901,Aurangabad,19.8592,75.3587,7.07,0.016,0.033,0.004,0.03,0.002,0.25,0.12,0.11,0.06
S902,Pune,18.5174,73.8631,6.89,0.014,0.027,0.005,0.036,0.003,0.22,0.1,0.08,0.07
S903,Mumbai,19.0425,72.8694,6.91,0.018,0.022,0.004,0.05,0.002,0.26,0.09,0.21,0.06
S904,Nagpur,21.1251,79.0677,6.86,0.012,0.017,0.003,0.028,0.002,0.27,0.09,0.19,0.09
S905,Ahmednagar,19.0867,74.7307,6.78,0.02,0.025,0.004,0.028,0.001,0.33,0.06,0.18,0.05
S906,Ahmednagar,19.0907,74.7095,7.0,0.014,0.026,0.008,0.038,0.001,0.24,0.12,0.19,0.07
S907,Pune,18.5411,73.875,7.35,0.004,0.031,0.007,0.023,0.001,0.23,0.08,0.12,0.06
S908,Aurangabad,19.9022,75.3757,6.79,0.011,0.035,0.006,0.037,0.002,0.3,0.12,0.13,0.07
S909,Ahmednagar,19.0499,74.729,6.83,0.014,0.02,0.004,0.021,0.002,0.29,0.05,0.11,0.07
S910,Pune,18.5041,73.8358,6.98,0.018,0.016,0.006,0.028,0.002,0.3,0.08,0.1,0.05
S911,Nashik,20.0463,73.7489,7.42,0.014,0.026,0.003,0.028,0.002,0.22,0.09,0.12,0.1
S912,Satara,17.6455,74.0214,7.06,0.01,0.031,0.004,0.011,0.003,0.21,0.07,0.17,0.05
S913,Sangli,16.8799,74.6178,6.84,0.021,0.021,0.009,0.029,0.003,0.37,0.11,0.11,0.06
S914,Satara,17.6159,74.025,7.09,0.017,0.005,0.002,0.029,0.002,0.32,0.09,0.17,0.04
S915,Aurangabad,19.8945,75.3575,7.09,0.015,0.039,0.006,0.026,0.002,0.36,0.08,0.18,0.07
S916,Nashik,19.9272,73.7988,6.9,0.019,0.033,0.005,0.053,0.002,0.35,0.12,0.14,0.08
S917,Ahmednagar,19.0774,74.7369,6.67,0.017,0.028,0.007,0.044,0.002,0.21,0.11,0.18,0.08
S918,Solapur,17.6924,75.9,6.88,0.012,0.026,0.005,0.038,0.002,0.29,0.08,0.18,0.06
S919,Satara,17.6753,73.9959,6.67,0.024,0.03,0.002,0.044,0.003,0.31,0.15,0.15,0.03
S920,Mumbai,19.087,72.885,6.85,0.019,0.014,0.007,0.027,0.001,0.29,0.11,0.15,0.05
S921,Satara,17.6653,73.9843,6.94,0.022,0.026,0.007,0.051,0.002,0.29,0.17,0.2,0.03
S922,Kolhapur,16.7166,74.2433,7.21,0.012,0.02,0.004,0.03,0.003,0.21,0.08,0.07,0.08
S923,Solapur,17.698,75.8966,6.93,0.019,0.036,0.006,0.029,0.001,0.21,0.1,0.11,0.06
S924,Kolhapur,16.6884,74.2116,6.71,0.025,0.032,0.008,0.041,0.002,0.41,0.1,0.15,0.06
S925,Kolhapur,16.6166,74.2914,7.12,0.018,0.026,0.005,0.03,0.002,0.2,0.11,0.16,0.06
S926,Mumbai,19.0871,72.848,6.76,0.017,0.031,0.001,0.041,0.002,0.28,0.06,0.11,0.08
S927,Nashik,19.9985,73.7783,6.97,0.019,0.029,0.005,0.047,0.003,0.33,0.1,0.17,0.07
S928,Kolhapur,16.7368,74.2703,6.75,0.009,0.021,0.007,0.02,0.002,0.33,0.13,0.15,0.03
S929,Solapur,17.6311,75.8709,6.87,0.015,0.018,0.008,0.023,0.003,0.39,0.13,0.11,0.07
S930,Satara,17.6422,74.0456,6.98,0.014,0.017,0.001,0.026,0.003,0.27,0.09,0.17,0.1
S931,Aurangabad,19.916,75.3141,6.51,0.03,0.042,0.005,0.023,0.003,0.29,0.1,0.18,0.07
S932,Solapur,17.6243,75.8967,7.17,0.019,0.028,0.007,0.032,0.002,0.05,0.09,0.17,0.05
S933,Sangli,16.8384,74.5503,7.25,0.019,0.032,0.002,0.034,0.002,0.28,0.08,0.13,0.08
S934,Pune,18.463,73.91,7.12,0.016,0.032,0.002,0.029,0.002,0.41,0.1,0.16,0.05
S935,Satara,17.6951,74.0686,7.25,0.016,0.031,0.006,0.041,0.003,0.39,0.1,0.17,0.05
S936,Mumbai,19.0483,72.8696,6.98,0.006,0.032,0.001,0.063,0.003,0.28,0.1,0.15,0.05
S937,Kolhapur,16.7108,74.239,6.98,0.017,0.017,0.005,0.038,0.002,0.28,0.13,0.13,0.06
S938,Aurangabad,19.9151,75.3409,7.05,0.015,0.035,0.004,0.049,0.002,0.23,0.12,0.13,0.07
S939,Kolhapur,16.6231,74.2435,6.89,0.01,0.022,0.004,0.036,0.001,0.33,0.14,0.15,0.08
S940,Mumbai,19.1088,72.9148,7.47,0.013,0.021,0.007,0.043,0.003,0.45,0.1,0.16,0.04
S941,Solapur,17.724,75.8963,6.92,0.014,0.021,0.004,0.031,0.001,0.24,0.16,0.17,0.08
S942,Sangli,16.8877,74.6365,6.56,0.009,0.02,0.004,0.033,0.002,0.32,0.1,0.11,0.02
S943,Pune,18.4906,73.8402,6.94,0.009,0.023,0.003,0.035,0.001,0.23,0.06,0.13,0.04
S944,Sangli,16.8796,74.5937,6.98,0.011,0.029,0.006,0.037,0.003,0.34,0.13,0.15,0.07
S945,Satara,17.6566,74.0045,7.09,0.018,0.03,0.007,0.022,0.001,0.32,0.08,0.28,0.07
S946,Solapur,17.6576,75.8909,6.88,0.016,0.027,0.004,0.033,0.003,0.41,0.11,0.09,0.07
S947,Pune,18.567,73.8978,7.18,0.025,0.026,0.006,0.029,0.002,0.41,0.08,0.11,0.06
S948,Nagpur,21.139,79.1077,6.89,0.026,0.017,0.008,0.028,0.001,0.32,0.09,0.1,0.03
S949,Sangli,16.8521,74.6108,7.15,0.016,0.029,0.005,0.022,0.001,0.28,0.1,0.17,0.08
S950,Kolhapur,16.7232,74.2349,6.65,0.018,0.03,0.001,0.028,0.001,0.31,0.08,0.14,0.06
S951,Ahmednagar,19.0904,74.7281,6.84,0.01,0.029,0.006,0.028,0.003,0.27,0.15,0.11,0.02
S952,Satara,17.6926,74.0258,7.01,0.012,0.026,0.004,0.033,0.003,0.31,0.12,0.13,0.05
S953,Satara,17.6459,74.0072,6.5,0.012,0.025,0.006,0.033,0.002,0.13,0.1,0.07,0.04
S954,Pune,18.5148,73.895,7.09,0.016,0.026,0.004,0.031,0.002,0.19,0.12,0.12,0.08
S955,Nagpur,21.1746,79.038,6.85,0.011,0.013,0.003,0.06,0.002,0.45,0.12,0.11,0.05
S956,Aurangabad,19.8939,75.3564,6.86,0.007,0.049,0.005,0.033,0.002,0.28,0.1,0.19,0.06
S957,Sangli,16.8175,74.5767,6.88,0.025,0.034,0.005,0.023,0.001,0.3,0.11,0.13,0.05
S958,Nashik,19.9797,73.7891,6.5,0.009,0.022,0.007,0.028,0.002,0.32,0.14,0.19,0.06
S959,Aurangabad,19.8619,75.3234,6.94,0.013,0.03,0.006,0.042,0.003,0.45,0.1,0.18,0.05
S960,Satara,17.7161,74.0501,7.25,0.017,0.021,0.002,0.036,0.003,0.28,0.12,0.17,0.05
S961,Satara,17.72,73.931,6.69,0.011,0.02,0.006,0.039,0.002,0.35,0.07,0.09,0.07
S962,Mumbai,19.0571,72.8306,7.24,0.024,0.037,0.005,0.042,0.003,0.25,0.13,0.15,0.08
S963,Pune,18.526,73.8956,7.06,0.007,0.036,0.003,0.049,0.002,0.39,0.13,0.16,0.07
S964,Ahmednagar,19.1079,74.6892,7.03,0.009,0.027,0.003,0.024,0.003,0.39,0.1,0.15,0.06
S965,Nagpur,21.1629,79.0679,7.25,0.014,0.023,0.005,0.03,0.002,0.26,0.11,0.19,0.05
S966,Nashik,19.9936,73.8036,6.89,0.019,0.03,0.007,0.03,0.001,0.28,0.07,0.16,0.04
S967,Aurangabad,19.9462,75.3822,7.0,0.021,0.015,0.01,0.03,0.002,0.15,0.11,0.1,0.06
S968,Sangli,16.8361,74.5492,6.8,0.017,0.017,0.004,0.043,0.004,0.34,0.07,0.13,0.06
S969,Pune,18.5099,73.8838,7.05,0.021,0.024,0.008,0.034,0.001,0.47,0.05,0.11,0.05
S970,Sangli,16.9276,74.6357,7.37,0.014,0.043,0.006,0.046,0.002,0.3,0.09,0.13,0.07
S971,Solapur,17.6709,75.9055,7.38,0.002,0.03,0.006,0.047,0.002,0.32,0.13,0.2,0.05
S972,Mumbai,19.084,72.9281,6.5,0.012,0.036,0.007,0.041,0.002,0.23,0.08,0.2,0.05
S973,Nagpur,21.1488,79.0656,7.21,0.013,0.025,0.002,0.02,0.002,0.19,0.16,0.06,0.04
S974,Mumbai,19.0765,72.8667,6.72,0.01,0.019,0.004,0.056,0.002,0.39,0.12,0.18,0.01
S975,Satara,17.6714,74.0575,6.86,0.027,0.036,0.004,0.031,0.001,0.25,0.06,0.16,0.03
S976,Mumbai,19.0941,72.8965,6.58,0.025,0.03,0.006,0.028,0.002,0.39,0.1,0.22,0.06
S977,Nashik,20.0317,73.7986,7.15,0.006,0.029,0.004,0.028,0.003,0.28,0.07,0.13,0.03
S978,Satara,17.7235,73.9974,7.13,0.024,0.022,0.006,0.026,0.004,0.37,0.09,0.11,0.06
S979,Aurangabad,19.866,75.4019,6.69,0.017,0.026,0.005,0.035,0.002,0.37,0.12,0.16,0.01
S980,Sangli,16.8614,74.5318,7.16,0.025,0.02,0.004,0.03,0.003,0.31,0.15,0.16,0.06
S981,Aurangabad,19.8782,75.3678,6.57,0.017,0.026,0.006,0.034,0.001,0.3,0.07,0.06,0.07
S982,Solapur,17.6773,75.9204,7.33,0.012,0.016,0.005,0.033,0.001,0.29,0.08,0.07,0.05
S983,Satara,17.6464,74.0252,6.84,0.023,0.037,0.006,0.02,0.003,0.43,0.1,0.19,0.05
S984,Satara,17.6245,73.9955,7.43,0.007,0.026,0.005,0.031,0.002,0.31,0.08,0.08,0.06
S985,Nagpur,21.178,79.1143,6.8,0.008,0.024,0.008,0.042,0.003,0.37,0.11,0.14,0.07
S986,Satara,17.6641,73.9759,7.18,0.023,0.018,0.007,0.053,0.002,0.23,0.1,0.12,0.05
S987,Sangli,16.8654,74.5334,6.64,0.016,0.026,0.006,0.055,0.002,0.35,0.07,0.17,0.05
S988,Nashik,19.9996,73.7865,7.26,0.008,0.01,0.005,0.041,0.002,0.4,0.11,0.12,0.01
S989,Solapur,17.6528,75.9372,6.9,0.016,0.029,0.003,0.042,0.003,0.29,0.07,0.14,0.02
S990,Nagpur,21.1559,79.1018,7.42,0.015,0.029,0.003,0.032,0.001,0.28,0.09,0.15,0.05
S991,Ahmednagar,19.0977,74.7396,6.92,0.016,0.026,0.007,0.035,0.002,0.29,0.08,0.13,0.1
S992,Sangli,16.825,74.5731,6.9,0.015,0.024,0.006,0.019,0.003,0.35,0.06,0.05,0.04
S993,Nashik,19.9902,73.8672,7.14,0.005,0.021,0.005,0.039,0.001,0.29,0.08,0.1,0.07
S994,Mumbai,19.0992,72.9029,7.14,0.013,0.031,0.006,0.037,0.002,0.26,0.1,0.24,0.07
S995,Aurangabad,19.8579,75.3183,6.88,0.029,0.023,0.007,0.032,0.002,0.36,0.08,0.11,0.09
S996,Solapur,17.6894,75.9301,7.2,0.019,0.04,0.005,0.042,0.001,0.23,0.06,0.19,0.01
S997,Kolhapur,16.6929,74.1535,6.79,0.013,0.036,0.006,0.028,0.003,0.3,0.1,0.09,0.04
S998,Sangli,16.8276,74.5829,7.02,0.025,0.029,0.001,0.039,0.001,0.22,0.08,0.11,0.03
S999,Aurangabad,19.8823,75.301,7.09,0.029,0.017,0.004,0.011,0.002,0.35,0.12,0.14,0.08
S1000,Pune,18.5968,73.9081,6.87,0.007,0.023,0.003,0.041,0.001,0.29,0.13,0.14,0.04
